,pep_seq,pep_start,pep_end,missed_cleaves,mass1,hyd_count,deam_count,species,genus,subfamily,family,order,pep_diff,pep_id,pep_score
0,TGHPGTVGPAGIR,2047,2059,0,1219.65419522415,0,0,Aotus nancymaae,Aotus,,Aotidae,Primates,12,343,69.73
1,TGHPGTVGPAGIR,2047,2059,0,1235.64834522415,1,0,Aotus nancymaae,Aotus,,Aotidae,Primates,12,343,60.07
2,DGRTGHPGTVGPAGIR,2044,2059,1,1563.7978629921502,1,0,Aotus nancymaae,Aotus,,Aotidae,Primates,15,342,51.0
3,DGRTGHPGTVGPAGIR,2044,2059,1,1547.8037129921502,0,0,Aotus nancymaae,Aotus,,Aotidae,Primates,15,342,49.78
4,GPAGPSGPAGKDGR,2033,2046,1,1223.61272433499,0,0,Aotus nancymaae,Aotus,,Aotidae,Primates,13,340,68.44
5,GPAGPSGPAGKDGR,2033,2046,1,1239.60687433499,1,0,Aotus nancymaae,Aotus,,Aotidae,Primates,13,340,60.82
6,GPAGPSGPAGKDGR,2033,2046,1,1255.60102433499,2,0,Aotus nancymaae,Aotus,,Aotidae,Primates,13,340,4.97
7,GPAGPSGPAGK,2033,2043,0,895.4632065669899,0,0,Aotus nancymaae,Aotus,,Aotidae,Primates,10,339,63.59
8,GPAGPSGPAGK,2033,2043,0,911.45735656699,1,0,Aotus nancymaae,Aotus,,Aotidae,Primates,10,339,43.69
9,GPAGPSGPAGK,2033,2043,0,927.45150656699,2,0,Aotus nancymaae,Aotus,,Aotidae,Primates,10,339,40.53
10,GPAGPSGPAGK,2033,2043,0,943.44565656699,3,0,Aotus nancymaae,Aotus,,Aotidae,Primates,10,339,12.98
11,GHNGLQGLPGLAGHHGDQGAPGSVGPAGPR,2003,2032,0,2801.34469742883,2,1,Aotus nancymaae,Aotus,,Aotidae,Primates,29,338,42.26
12,GHNGLQGLPGLAGHHGDQGAPGSVGPAGPR,2003,2032,0,2800.36068142883,2,0,Aotus nancymaae,Aotus,,Aotidae,Primates,29,338,41.05
13,GHNGLQGLPGLAGHHGDQGAPGSVGPAGPR,2003,2032,0,2803.31272942883,2,3,Aotus nancymaae,Aotus,,Aotidae,Primates,29,338,37.44
14,GHNGLQGLPGLAGHHGDQGAPGSVGPAGPR,2003,2032,0,2785.35054742883,1,1,Aotus nancymaae,Aotus,,Aotidae,Primates,29,338,32.86
15,GHNGLQGLPGLAGHHGDQGAPGSVGPAGPR,2003,2032,0,2769.35639742883,0,1,Aotus nancymaae,Aotus,,Aotidae,Primates,29,338,28.05
16,GHNGLQGLPGLAGHHGDQGAPGSVGPAGPR,2003,2032,0,2784.36653142883,1,0,Aotus nancymaae,Aotus,,Aotidae,Primates,29,338,27.32
17,GHNGLQGLPGLAGHHGDQGAPGSVGPAGPR,2003,2032,0,2816.35483142883,3,0,Aotus nancymaae,Aotus,,Aotidae,Primates,29,338,12.95
18,GHNGLQGLPGLAGHHGDQGAPGSVGPAGPR,2003,2032,0,2802.3287134288303,2,2,Aotus nancymaae,Aotus,,Aotidae,Primates,29,338,6.95
19,GHNGLQGLPGLAGHHGDQGAPGSVGPAGPR,2003,2032,0,2770.3404134288303,0,2,Aotus nancymaae,Aotus,,Aotidae,Primates,29,338,0.9
20,GLPGLKGHNGLQGLPGLAGHHGDQGAPGSVGPAGPR,1997,2032,1,3382.69762968708,3,1,Aotus nancymaae,Aotus,,Aotidae,Primates,35,337,20.16
21,GLPGLKGHNGLQGLPGLAGHHGDQGAPGSVGPAGPR,1997,2032,1,3335.69919568708,0,2,Aotus nancymaae,Aotus,,Aotidae,Primates,35,337,7.85
22,GLPGLKGHNGLQGLPGLAGHHGDQGAPGSVGPAGPR,1997,2032,1,3352.67736168708,1,3,Aotus nancymaae,Aotus,,Aotidae,Primates,35,337,5.16
23,GLPGLKGHNGLQGLPGLAGHHGDQGAPGSVGPAGPR,1997,2032,1,3416.65396168708,5,3,Aotus nancymaae,Aotus,,Aotidae,Primates,35,337,3.38
24,GLPGLKGHNGLQGLPGLAGHHGDQGAPGSVGPAGPR,1997,2032,1,3383.68164568708,3,2,Aotus nancymaae,Aotus,,Aotidae,Primates,35,337,3.1
25,GDKGEPGDK,1985,1993,1,918.41555132466,1,0,Aotus nancymaae,Aotus,,Aotidae,Primates,8,335,33.8
26,GEPGDKGPR,1988,1996,1,928.44752015928,1,0,Aotus nancymaae,Aotus,,Aotidae,Primates,8,335,33.8
27,GEPGDKGPR,1988,1996,1,944.44167015928,2,0,Aotus nancymaae,Aotus,,Aotidae,Primates,8,335,7.67
28,GPRGLPGLK,1994,2002,1,926.54026200174,2,0,Aotus nancymaae,Aotus,,Aotidae,Primates,8,335,7.67
29,GDKGEPGDK,1985,1993,1,902.42140132466,0,0,Aotus nancymaae,Aotus,,Aotidae,Primates,8,333,16.48
30,GEPGDKGPR,1988,1996,1,912.45337015928,0,0,Aotus nancymaae,Aotus,,Aotidae,Primates,8,333,16.48
31,GPSGPQGIRGDK,1976,1987,1,1168.60691067856,0,0,Aotus nancymaae,Aotus,,Aotidae,Primates,11,330,29.7
32,GPSGPQGIRGDK,1976,1987,1,1184.60106067856,1,0,Aotus nancymaae,Aotus,,Aotidae,Primates,11,330,9.06
33,GPSGPQGIRGDK,1976,1987,1,1185.5850766785602,1,1,Aotus nancymaae,Aotus,,Aotidae,Primates,11,330,5.51
34,GPSGPQGIRGDK,1976,1987,1,1169.5909266785602,0,1,Aotus nancymaae,Aotus,,Aotidae,Primates,11,330,2.46
35,GPSGPQGIR,1976,1984,0,868.46354092016,0,0,Aotus nancymaae,Aotus,,Aotidae,Primates,8,329,68.2
36,GPSGPQGIR,1976,1984,0,869.44755692016,0,1,Aotus nancymaae,Aotus,,Aotidae,Primates,8,329,49.99
37,GPSGPQGIR,1976,1984,0,885.44170692016,1,1,Aotus nancymaae,Aotus,,Aotidae,Primates,8,329,32.02
38,GPSGPQGIR,1976,1984,0,884.45769092016,1,0,Aotus nancymaae,Aotus,,Aotidae,Primates,8,329,13.94
39,GETGPSGPVGPAGAVGPRGPSGPQGIR,1958,1984,1,2429.2160110186296,1,1,Aotus nancymaae,Aotus,,Aotidae,Primates,26,328,34.6
40,GETGPSGPVGPAGAVGPRGPSGPQGIR,1958,1984,1,2428.2319950186297,1,0,Aotus nancymaae,Aotus,,Aotidae,Primates,26,328,10.77
41,GETGPSGPVGPAGAVGPR,1958,1975,0,1578.78629524894,1,0,Aotus nancymaae,Aotus,,Aotidae,Primates,17,327,92.01
42,GETGPSGPVGPAGAVGPR,1958,1975,0,1562.79214524894,0,0,Aotus nancymaae,Aotus,,Aotidae,Primates,17,327,82.79
43,GETGPSGPVGPAGAVGPR,1958,1975,0,1594.78044524894,2,0,Aotus nancymaae,Aotus,,Aotidae,Primates,17,327,37.5
44,HGNRGETGPSGPVGPAGAVGPR,1954,1975,1,2043.0107092927,1,0,Aotus nancymaae,Aotus,,Aotidae,Primates,21,326,69.87
45,HGNRGETGPSGPVGPAGAVGPR,1954,1975,1,2043.9947252927,1,1,Aotus nancymaae,Aotus,,Aotidae,Primates,21,326,59.99
46,HGNRGETGPSGPVGPAGAVGPR,1954,1975,1,2074.9990092927,3,0,Aotus nancymaae,Aotus,,Aotidae,Primates,21,326,6.93
47,HGNRGETGPSGPVGPAGAVGPR,1954,1975,1,2075.9830252927,3,1,Aotus nancymaae,Aotus,,Aotidae,Primates,21,326,5.97
48,HGNRGETGPSGPVGPAGAVGPR,1954,1975,1,2059.9888752927,2,1,Aotus nancymaae,Aotus,,Aotidae,Primates,21,326,2.52
49,GYPGNIGPVGAAGAPGPHGPVGPAGK,1928,1953,0,2284.14537551679,2,0,Aotus nancymaae,Aotus,,Aotidae,Primates,25,325,87.12
50,GYPGNIGPVGAAGAPGPHGPVGPAGK,1928,1953,0,2316.13367551679,4,0,Aotus nancymaae,Aotus,,Aotidae,Primates,25,325,50.98
51,GYPGNIGPVGAAGAPGPHGPVGPAGK,1928,1953,0,2285.12939151679,2,1,Aotus nancymaae,Aotus,,Aotidae,Primates,25,325,45.9
52,GYPGNIGPVGAAGAPGPHGPVGPAGK,1928,1953,0,2268.15122551679,1,0,Aotus nancymaae,Aotus,,Aotidae,Primates,25,325,22.21
53,GYPGNIGPVGAAGAPGPHGPVGPAGK,1928,1953,0,2332.12782551679,5,0,Aotus nancymaae,Aotus,,Aotidae,Primates,25,325,21.05
54,GYPGNIGPVGAAGAPGPHGPVGPAGK,1928,1953,0,2301.12354151679,3,1,Aotus nancymaae,Aotus,,Aotidae,Primates,25,325,15.44
55,GYPGNIGPVGAAGAPGPHGPVGPAGK,1928,1953,0,2300.13952551679,3,0,Aotus nancymaae,Aotus,,Aotidae,Primates,25,325,5.73
56,DGQPGHKGER,1918,1927,1,1097.49626167416,1,1,Aotus nancymaae,Aotus,,Aotidae,Primates,9,323,57.41
57,DGQPGHKGER,1918,1927,1,1112.50639567416,2,0,Aotus nancymaae,Aotus,,Aotidae,Primates,9,323,34.64
58,DGQPGHKGER,1918,1927,1,1096.51224567416,1,0,Aotus nancymaae,Aotus,,Aotidae,Primates,9,323,28.77
59,DGQPGHKGER,1918,1927,1,1080.51809567416,0,0,Aotus nancymaae,Aotus,,Aotidae,Primates,9,323,18.14
60,DGNPGNDGPPGRDGQPGHK,1906,1924,1,1919.82037622439,3,0,Aotus nancymaae,Aotus,,Aotidae,Primates,18,320,15.43
61,DGNPGNDGPPGRDGQPGHK,1906,1924,1,1903.82622622439,2,0,Aotus nancymaae,Aotus,,Aotidae,Primates,18,320,8.78
62,DGNPGNDGPPGRDGQPGHK,1906,1924,1,1906.77827422439,2,3,Aotus nancymaae,Aotus,,Aotidae,Primates,18,320,3.58
63,DGNPGNDGPPGRDGQPGHK,1906,1924,1,1873.80595822439,0,2,Aotus nancymaae,Aotus,,Aotidae,Primates,18,320,2.57
64,DGNPGNDGPPGR,1906,1917,0,1168.4969895328402,1,0,Aotus nancymaae,Aotus,,Aotidae,Primates,11,319,62.97
65,DGNPGNDGPPGR,1906,1917,0,1184.4911395328402,2,0,Aotus nancymaae,Aotus,,Aotidae,Primates,11,319,57.44
66,DGNPGNDGPPGR,1906,1917,0,1169.4810055328403,1,1,Aotus nancymaae,Aotus,,Aotidae,Primates,11,319,43.68
67,DGNPGNDGPPGR,1906,1917,0,1152.5028395328402,0,0,Aotus nancymaae,Aotus,,Aotidae,Primates,11,319,40.64
68,DGNPGNDGPPGR,1906,1917,0,1185.4751555328403,2,1,Aotus nancymaae,Aotus,,Aotidae,Primates,11,319,33.61
69,DGNPGNDGPPGR,1906,1917,0,1200.4852895328402,3,0,Aotus nancymaae,Aotus,,Aotidae,Primates,11,319,12.65
70,DGNPGNDGPPGR,1906,1917,0,1153.4868555328403,0,1,Aotus nancymaae,Aotus,,Aotidae,Primates,11,319,7.48
71,DGNPGNDGPPGR,1906,1917,0,1201.4693055328405,3,1,Aotus nancymaae,Aotus,,Aotidae,Primates,11,319,6.44
72,DGNPGNDGPPGR,1906,1917,0,1186.4591715328402,2,2,Aotus nancymaae,Aotus,,Aotidae,Primates,11,319,2.05
73,GPPGAVGSPGVNGAPGEAGRDGNPGNDGPPGR,1886,1917,1,2869.31927010932,2,0,Aotus nancymaae,Aotus,,Aotidae,Primates,31,317,42.56
74,GPPGAVGSPGVNGAPGEAGRDGNPGNDGPPGR,1886,1917,1,2918.2857361093197,5,1,Aotus nancymaae,Aotus,,Aotidae,Primates,31,317,35.2
75,GPPGAVGSPGVNGAPGEAGRDGNPGNDGPPGR,1886,1917,1,2886.2974361093197,3,1,Aotus nancymaae,Aotus,,Aotidae,Primates,31,317,34.81
76,GPPGAVGSPGVNGAPGEAGRDGNPGNDGPPGR,1886,1917,1,2902.2915861093197,4,1,Aotus nancymaae,Aotus,,Aotidae,Primates,31,317,25.25
77,GPPGAVGSPGVNGAPGEAGRDGNPGNDGPPGR,1886,1917,1,2903.27560210932,4,2,Aotus nancymaae,Aotus,,Aotidae,Primates,31,317,23.49
78,GPPGAVGSPGVNGAPGEAGRDGNPGNDGPPGR,1886,1917,1,2901.30757010932,4,0,Aotus nancymaae,Aotus,,Aotidae,Primates,31,317,23.32
79,GPPGAVGSPGVNGAPGEAGRDGNPGNDGPPGR,1886,1917,1,2917.30172010932,5,0,Aotus nancymaae,Aotus,,Aotidae,Primates,31,317,21.11
80,GPPGAVGSPGVNGAPGEAGRDGNPGNDGPPGR,1886,1917,1,2919.26975210932,5,2,Aotus nancymaae,Aotus,,Aotidae,Primates,31,317,14.48
81,GPPGAVGSPGVNGAPGEAGRDGNPGNDGPPGR,1886,1917,1,2885.31342010932,3,0,Aotus nancymaae,Aotus,,Aotidae,Primates,31,317,13.86
82,GPPGAVGSPGVNGAPGEAGRDGNPGNDGPPGR,1886,1917,1,2936.24791810932,6,3,Aotus nancymaae,Aotus,,Aotidae,Primates,31,317,6.6
83,GPPGAVGSPGVNGAPGEAGRDGNPGNDGPPGR,1886,1917,1,2935.26390210932,6,2,Aotus nancymaae,Aotus,,Aotidae,Primates,31,317,3.33
84,GPPGAVGSPGVNGAPGEAGRDGNPGNDGPPGR,1886,1917,1,2870.3032861093197,2,1,Aotus nancymaae,Aotus,,Aotidae,Primates,31,317,1.36
85,GPPGAVGSPGVNGAPGEAGR,1886,1905,0,1752.81243772695,3,1,Aotus nancymaae,Aotus,,Aotidae,Primates,19,316,93.42
86,GPPGAVGSPGVNGAPGEAGR,1886,1905,0,1751.82842172695,3,0,Aotus nancymaae,Aotus,,Aotidae,Primates,19,316,91.49
87,GPPGAVGSPGVNGAPGEAGR,1886,1905,0,1736.81828772695,2,1,Aotus nancymaae,Aotus,,Aotidae,Primates,19,316,83.24
88,GPPGAVGSPGVNGAPGEAGR,1886,1905,0,1735.83427172695,2,0,Aotus nancymaae,Aotus,,Aotidae,Primates,19,316,78.69
89,GPPGAVGSPGVNGAPGEAGR,1886,1905,0,1767.82257172695,4,0,Aotus nancymaae,Aotus,,Aotidae,Primates,19,316,2.7
90,GLPGVAGAVGEPGPLGIAGPPGAR,1862,1885,0,2115.11699916706,3,0,Aotus nancymaae,Aotus,,Aotidae,Primates,23,314,136.03
91,GLPGVAGAVGEPGPLGIAGPPGAR,1862,1885,0,2099.12284916706,2,0,Aotus nancymaae,Aotus,,Aotidae,Primates,23,314,121.37
92,GLPGVAGAVGEPGPLGIAGPPGAR,1862,1885,0,2131.11114916706,4,0,Aotus nancymaae,Aotus,,Aotidae,Primates,23,314,67.52
93,GLPGVAGAVGEPGPLGIAGPPGAR,1862,1885,0,2083.12869916706,1,0,Aotus nancymaae,Aotus,,Aotidae,Primates,23,314,64.94
94,GLPGVAGAVGEPGPLGIAGPPGAR,1862,1885,0,2147.10529916706,5,0,Aotus nancymaae,Aotus,,Aotidae,Primates,23,314,0.33
95,GERGLPGVAGAVGEPGPLGIAGPPGAR,1859,1885,1,2457.2821669992,3,0,Aotus nancymaae,Aotus,,Aotidae,Primates,26,313,80.92
96,GERGLPGVAGAVGEPGPLGIAGPPGAR,1859,1885,1,2473.2763169992,4,0,Aotus nancymaae,Aotus,,Aotidae,Primates,26,313,0.23
97,GPSGEAGTAGPPGTPGPQGLLGAPGILGLPGSRGER,1826,1861,1,3315.65256345282,5,0,Aotus nancymaae,Aotus,,Aotidae,Primates,35,312,52.14
98,GPSGEAGTAGPPGTPGPQGLLGAPGILGLPGSR,1826,1858,0,2957.49324562068,4,0,Aotus nancymaae,Aotus,,Aotidae,Primates,32,311,46.09
99,GPSGEAGTAGPPGTPGPQGLLGAPGILGLPGSR,1826,1858,0,2973.48739562068,5,0,Aotus nancymaae,Aotus,,Aotidae,Primates,32,311,36.36
100,GPSGEAGTAGPPGTPGPQGLLGAPGILGLPGSR,1826,1858,0,2974.4714116206796,5,1,Aotus nancymaae,Aotus,,Aotidae,Primates,32,311,31.67
101,GPSGEAGTAGPPGTPGPQGLLGAPGILGLPGSR,1826,1858,0,2958.4772616206797,4,1,Aotus nancymaae,Aotus,,Aotidae,Primates,32,311,27.82
102,GPSGEAGTAGPPGTPGPQGLLGAPGILGLPGSR,1826,1858,0,2925.50494562068,2,0,Aotus nancymaae,Aotus,,Aotidae,Primates,32,311,19.53
103,GPSGEAGTAGPPGTPGPQGLLGAPGILGLPGSR,1826,1858,0,2941.49909562068,3,0,Aotus nancymaae,Aotus,,Aotidae,Primates,32,311,11.36
104,GPSGEAGTAGPPGTPGPQGLLGAPGILGLPGSR,1826,1858,0,2942.4831116206797,3,1,Aotus nancymaae,Aotus,,Aotidae,Primates,32,311,5.14
105,TGETGAVGPPGFAGEK,1810,1825,0,1490.71139897318,1,0,Aotus nancymaae,Aotus,,Aotidae,Primates,15,310,80.82
106,TGETGAVGPPGFAGEK,1810,1825,0,1506.70554897318,2,0,Aotus nancymaae,Aotus,,Aotidae,Primates,15,310,56.65
107,TGETGAVGPPGFAGEK,1810,1825,0,1474.71724897318,0,0,Aotus nancymaae,Aotus,,Aotidae,Primates,15,310,47.36
108,GPRGDQGPVGR,1799,1809,1,1095.56538021975,0,0,Aotus nancymaae,Aotus,,Aotidae,Primates,10,307,50.53
109,GPRGDQGPVGR,1799,1809,1,1127.55368021975,2,0,Aotus nancymaae,Aotus,,Aotidae,Primates,10,307,10.64
110,GPRGDQGPVGR,1799,1809,1,1112.5435462197502,1,1,Aotus nancymaae,Aotus,,Aotidae,Primates,10,307,1.57
111,GPRGDQGPVGR,1799,1809,1,1128.5376962197502,2,1,Aotus nancymaae,Aotus,,Aotidae,Primates,10,307,0.25
112,TGPPGPSGISGPPGPPGPAGKEGLR,1774,1798,1,2317.1380558473197,5,0,Aotus nancymaae,Aotus,,Aotidae,Primates,24,304,12.56
113,TGPPGPSGISGPPGPPGPAGKEGLR,1774,1798,1,2285.1497558473197,3,0,Aotus nancymaae,Aotus,,Aotidae,Primates,24,304,6.52
114,TGPPGPSGISGPPGPPGPAGK,1774,1794,0,1845.89467403805,4,0,Aotus nancymaae,Aotus,,Aotidae,Primates,20,303,76.72
115,TGPPGPSGISGPPGPPGPAGK,1774,1794,0,1829.90052403805,3,0,Aotus nancymaae,Aotus,,Aotidae,Primates,20,303,69.82
116,TGPPGPSGISGPPGPPGPAGK,1774,1794,0,1813.90637403805,2,0,Aotus nancymaae,Aotus,,Aotidae,Primates,20,303,17.5
117,TGPPGPSGISGPPGPPGPAGK,1774,1794,0,1861.88882403805,5,0,Aotus nancymaae,Aotus,,Aotidae,Primates,20,303,9.89
118,TGPPGPSGISGPPGPPGPAGK,1774,1794,0,1909.87127403805,8,0,Aotus nancymaae,Aotus,,Aotidae,Primates,20,303,1.8
119,TGPPGPSGISGPPGPPGPAGK,1774,1794,0,1925.86542403805,9,0,Aotus nancymaae,Aotus,,Aotidae,Primates,20,303,1.57
120,GDGGPPGMTGFPGAAGR,1757,1773,0,1533.67353765225,2,0,Aotus nancymaae,Aotus,,Aotidae,Primates,16,302,90.0
121,GDGGPPGMTGFPGAAGR,1757,1773,0,1517.67938765225,1,0,Aotus nancymaae,Aotus,,Aotidae,Primates,16,302,86.43
122,GDGGPPGMTGFPGAAGR,1757,1773,0,1549.66768765225,3,0,Aotus nancymaae,Aotus,,Aotidae,Primates,16,302,75.95
123,GDGGPPGMTGFPGAAGR,1757,1773,0,1565.66183765225,4,0,Aotus nancymaae,Aotus,,Aotidae,Primates,16,302,51.6
124,GENGVVGPTGPVGAAGPSGPNGPPGPAGSR,1727,1756,0,2585.22188466202,1,2,Aotus nancymaae,Aotus,,Aotidae,Primates,29,301,105.58
125,GENGVVGPTGPVGAAGPSGPNGPPGPAGSR,1727,1756,0,2584.2378686620195,1,1,Aotus nancymaae,Aotus,,Aotidae,Primates,29,301,82.17
126,GENGVVGPTGPVGAAGPSGPNGPPGPAGSR,1727,1756,0,2583.2538526620197,1,0,Aotus nancymaae,Aotus,,Aotidae,Primates,29,301,73.53
127,GENGVVGPTGPVGAAGPSGPNGPPGPAGSR,1727,1756,0,2615.2421526620196,3,0,Aotus nancymaae,Aotus,,Aotidae,Primates,29,301,2.47
128,GPKGENGVVGPTGPVGAAGPSGPNGPPGPAGSR,1724,1756,1,2881.4171932454396,2,0,Aotus nancymaae,Aotus,,Aotidae,Primates,32,300,81.31
129,GPKGENGVVGPTGPVGAAGPSGPNGPPGPAGSR,1724,1756,1,2883.38522524544,2,2,Aotus nancymaae,Aotus,,Aotidae,Primates,32,300,79.77
130,GPKGENGVVGPTGPVGAAGPSGPNGPPGPAGSR,1724,1756,1,2882.4012092454395,2,1,Aotus nancymaae,Aotus,,Aotidae,Primates,32,300,77.11
131,GPKGENGVVGPTGPVGAAGPSGPNGPPGPAGSR,1724,1756,1,2866.4070592454395,1,1,Aotus nancymaae,Aotus,,Aotidae,Primates,32,300,76.0
132,GPKGENGVVGPTGPVGAAGPSGPNGPPGPAGSR,1724,1756,1,2867.39107524544,1,2,Aotus nancymaae,Aotus,,Aotidae,Primates,32,300,71.46
133,GPKGENGVVGPTGPVGAAGPSGPNGPPGPAGSR,1724,1756,1,2899.37937524544,3,2,Aotus nancymaae,Aotus,,Aotidae,Primates,32,300,43.95
134,GPKGENGVVGPTGPVGAAGPSGPNGPPGPAGSR,1724,1756,1,2865.4230432454397,1,0,Aotus nancymaae,Aotus,,Aotidae,Primates,32,300,14.13
135,GPKGENGVVGPTGPVGAAGPSGPNGPPGPAGSR,1724,1756,1,2850.4129092454396,0,1,Aotus nancymaae,Aotus,,Aotidae,Primates,32,300,8.46
136,GEVGPAGPNGFAGPAGAAGQPGAKGER,1694,1720,1,2410.1366617251997,2,1,Aotus nancymaae,Aotus,,Aotidae,Primates,26,296,91.46
137,GEVGPAGPNGFAGPAGAAGQPGAKGER,1694,1720,1,2427.1148277252,3,2,Aotus nancymaae,Aotus,,Aotidae,Primates,26,296,60.6
138,GEVGPAGPNGFAGPAGAAGQPGAKGER,1694,1720,1,2411.1206777252,2,2,Aotus nancymaae,Aotus,,Aotidae,Primates,26,296,54.36
139,GEVGPAGPNGFAGPAGAAGQPGAKGER,1694,1720,1,2394.1425117251997,1,1,Aotus nancymaae,Aotus,,Aotidae,Primates,26,296,46.37
140,GEVGPAGPNGFAGPAGAAGQPGAKGER,1694,1720,1,2409.1526457252,2,0,Aotus nancymaae,Aotus,,Aotidae,Primates,26,296,43.92
141,GEVGPAGPNGFAGPAGAAGQPGAKGER,1694,1720,1,2426.1308117251997,3,1,Aotus nancymaae,Aotus,,Aotidae,Primates,26,296,39.08
142,GEVGPAGPNGFAGPAGAAGQPGAKGER,1694,1720,1,2393.1584957252,1,0,Aotus nancymaae,Aotus,,Aotidae,Primates,26,296,32.4
143,GEVGPAGPNGFAGPAGAAGQPGAKGER,1694,1720,1,2395.1265277252,1,2,Aotus nancymaae,Aotus,,Aotidae,Primates,26,296,21.73
144,GEVGPAGPNGFAGPAGAAGQPGAKGER,1694,1720,1,2378.1483617251997,0,1,Aotus nancymaae,Aotus,,Aotidae,Primates,26,296,4.57
145,GEVGPAGPNGFAGPAGAAGQPGAK,1694,1717,0,2051.97734389306,1,1,Aotus nancymaae,Aotus,,Aotidae,Primates,23,295,88.39
146,GEVGPAGPNGFAGPAGAAGQPGAK,1694,1717,0,2035.98319389306,0,1,Aotus nancymaae,Aotus,,Aotidae,Primates,23,295,87.76
147,GEVGPAGPNGFAGPAGAAGQPGAK,1694,1717,0,2036.96720989306,0,2,Aotus nancymaae,Aotus,,Aotidae,Primates,23,295,83.1
148,GEVGPAGPNGFAGPAGAAGQPGAK,1694,1717,0,2066.9874778930603,2,0,Aotus nancymaae,Aotus,,Aotidae,Primates,23,295,82.34
149,GEVGPAGPNGFAGPAGAAGQPGAK,1694,1717,0,2052.9613598930605,1,2,Aotus nancymaae,Aotus,,Aotidae,Primates,23,295,80.91
150,GEVGPAGPNGFAGPAGAAGQPGAK,1694,1717,0,2034.99917789306,0,0,Aotus nancymaae,Aotus,,Aotidae,Primates,23,295,73.24
151,GEVGPAGPNGFAGPAGAAGQPGAK,1694,1717,0,2067.97149389306,2,1,Aotus nancymaae,Aotus,,Aotidae,Primates,23,295,72.48
152,GEVGPAGPNGFAGPAGAAGQPGAK,1694,1717,0,2068.9555098930605,2,2,Aotus nancymaae,Aotus,,Aotidae,Primates,23,295,70.34
153,GEVGPAGPNGFAGPAGAAGQPGAK,1694,1717,0,2050.9933278930603,1,0,Aotus nancymaae,Aotus,,Aotidae,Primates,23,295,66.87
154,GEVGPAGPNGFAGPAGAAGQPGAK,1694,1717,0,2115.95394389306,5,1,Aotus nancymaae,Aotus,,Aotidae,Primates,23,295,0.55
155,GSPGERGEVGPAGPNGFAGPAGAAGQPGAK,1688,1717,1,2650.2589016988895,2,0,Aotus nancymaae,Aotus,,Aotidae,Primates,29,293,60.01
156,GSPGERGEVGPAGPNGFAGPAGAAGQPGAK,1688,1717,1,2651.2429176988894,2,1,Aotus nancymaae,Aotus,,Aotidae,Primates,29,293,59.56
157,GSPGERGEVGPAGPNGFAGPAGAAGQPGAK,1688,1717,1,2666.2530516988895,3,0,Aotus nancymaae,Aotus,,Aotidae,Primates,29,293,32.28
158,GSPGERGEVGPAGPNGFAGPAGAAGQPGAK,1688,1717,1,2619.2546176988894,0,1,Aotus nancymaae,Aotus,,Aotidae,Primates,29,293,1.53
159,GEAGAAGPAGPAGPRGSPGER,1673,1693,1,1834.87829814082,1,0,Aotus nancymaae,Aotus,,Aotidae,Primates,20,292,10.48
160,GEAGAAGPAGPAGPRGSPGER,1673,1693,1,1866.86659814082,3,0,Aotus nancymaae,Aotus,,Aotidae,Primates,20,292,5.68
161,GEAGAAGPAGPAGPRGSPGER,1673,1693,1,1850.87244814082,2,0,Aotus nancymaae,Aotus,,Aotidae,Primates,20,292,3.52
162,GEAGAAGPAGPAGPR,1673,1687,0,1235.61272433499,0,0,Aotus nancymaae,Aotus,,Aotidae,Primates,14,291,76.52
163,GEAGAAGPAGPAGPR,1673,1687,0,1251.60687433499,1,0,Aotus nancymaae,Aotus,,Aotidae,Primates,14,291,54.84
164,GEAGAAGPAGPAGPR,1673,1687,0,1267.60102433499,2,0,Aotus nancymaae,Aotus,,Aotidae,Primates,14,291,12.5
165,GEAGAAGPAGPAGPR,1673,1687,0,1283.59517433499,3,0,Aotus nancymaae,Aotus,,Aotidae,Primates,14,291,9.06
166,GAPGAVGAPGPGGATGDRGEAGAAGPAGPAGPR,1655,1687,1,2713.3021634931997,2,0,Aotus nancymaae,Aotus,,Aotidae,Primates,32,290,59.7
167,GAPGAVGAPGPGGATGDRGEAGAAGPAGPAGPR,1655,1687,1,2729.2963134931997,3,0,Aotus nancymaae,Aotus,,Aotidae,Primates,32,290,35.25
168,GAPGAVGAPGPGGATGDRGEAGAAGPAGPAGPR,1655,1687,1,2745.2904634931997,4,0,Aotus nancymaae,Aotus,,Aotidae,Primates,32,290,27.97
169,GAPGAVGAPGPGGATGDR,1655,1672,0,1496.70728030868,2,0,Aotus nancymaae,Aotus,,Aotidae,Primates,17,289,79.68
170,GAPGAVGAPGPGGATGDR,1655,1672,0,1512.70143030868,3,0,Aotus nancymaae,Aotus,,Aotidae,Primates,17,289,68.54
171,GEIGNPGRDGAR,1643,1654,1,1214.58647324358,1,0,Aotus nancymaae,Aotus,,Aotidae,Primates,11,287,19.96
172,GEIGNPGRDGAR,1643,1654,1,1215.57048924358,1,1,Aotus nancymaae,Aotus,,Aotidae,Primates,11,287,17.3
173,GEIGNPGRDGAR,1643,1654,1,1198.59232324358,0,0,Aotus nancymaae,Aotus,,Aotidae,Primates,11,287,14.59
174,GEPGLRGEIGNPGR,1637,1650,1,1408.72915106956,0,0,Aotus nancymaae,Aotus,,Aotidae,Primates,13,283,38.01
175,GEPGLRGEIGNPGR,1637,1650,1,1424.72330106956,1,0,Aotus nancymaae,Aotus,,Aotidae,Primates,13,283,36.22
176,GEPGLRGEIGNPGR,1637,1650,1,1425.70731706956,1,1,Aotus nancymaae,Aotus,,Aotidae,Primates,13,283,21.33
177,GEPGLRGEIGNPGR,1637,1650,1,1409.71316706956,0,1,Aotus nancymaae,Aotus,,Aotidae,Primates,13,283,12.7
178,GEKGEPGLR,1634,1642,1,958.4944703517,1,0,Aotus nancymaae,Aotus,,Aotidae,Primates,8,282,31.81
179,GAAGIPGGKGEK,1625,1636,1,1057.56288426469,1,0,Aotus nancymaae,Aotus,,Aotidae,Primates,11,280,31.79
180,GAAGIPGGKGEK,1625,1636,1,1089.55118426469,3,0,Aotus nancymaae,Aotus,,Aotidae,Primates,11,280,21.13
181,GAAGIPGGKGEK,1625,1636,1,1073.55703426469,2,0,Aotus nancymaae,Aotus,,Aotidae,Primates,11,280,17.47
182,GEPGVVGAAGTAGPSGPSGLPGER,1601,1624,0,2109.0191719441596,2,0,Aotus nancymaae,Aotus,,Aotidae,Primates,23,277,74.77
183,GEPGVVGAAGTAGPSGPSGLPGER,1601,1624,0,2093.0250219441596,1,0,Aotus nancymaae,Aotus,,Aotidae,Primates,23,277,61.25
184,GEPGVVGAAGTAGPSGPSGLPGER,1601,1624,0,2125.0133219441595,3,0,Aotus nancymaae,Aotus,,Aotidae,Primates,23,277,55.87
185,GPSGPPGPDGNKGEPGVVGAAGTAGPSGPSGLPGER,1589,1624,1,3185.50709410508,3,0,Aotus nancymaae,Aotus,,Aotidae,Primates,35,275,85.83
186,GPSGPPGPDGNKGEPGVVGAAGTAGPSGPSGLPGER,1589,1624,1,3169.51294410508,2,0,Aotus nancymaae,Aotus,,Aotidae,Primates,35,275,56.7
187,GPSGPPGPDGNKGEPGVVGAAGTAGPSGPSGLPGER,1589,1624,1,3202.48526010508,4,1,Aotus nancymaae,Aotus,,Aotidae,Primates,35,275,53.71
188,GPSGPPGPDGNKGEPGVVGAAGTAGPSGPSGLPGER,1589,1624,1,3201.50124410508,4,0,Aotus nancymaae,Aotus,,Aotidae,Primates,35,275,43.62
189,GPSGPPGPDGNKGEPGVVGAAGTAGPSGPSGLPGER,1589,1624,1,3186.49111010508,3,1,Aotus nancymaae,Aotus,,Aotidae,Primates,35,275,30.96
190,GPSGPPGPDGNKGEPGVVGAAGTAGPSGPSGLPGER,1589,1624,1,3218.47941010508,5,1,Aotus nancymaae,Aotus,,Aotidae,Primates,35,275,29.2
191,GPSGPPGPDGNKGEPGVVGAAGTAGPSGPSGLPGER,1589,1624,1,3217.49539410508,5,0,Aotus nancymaae,Aotus,,Aotidae,Primates,35,275,21.91
192,GPSGPPGPDGNKGEPGVVGAAGTAGPSGPSGLPGER,1589,1624,1,3170.49696010508,2,1,Aotus nancymaae,Aotus,,Aotidae,Primates,35,275,1.58
193,GPSGPPGPDGNKGEPGVVGAAGTAGPSGPSGLPGER,1589,1624,1,3233.48954410508,6,0,Aotus nancymaae,Aotus,,Aotidae,Primates,35,275,0.33
194,GPSGPPGPDGNK,1589,1600,0,1095.5057633113902,1,0,Aotus nancymaae,Aotus,,Aotidae,Primates,11,274,40.89
195,GPSGPPGPDGNK,1589,1600,0,1079.5116133113902,0,0,Aotus nancymaae,Aotus,,Aotidae,Primates,11,274,26.63
196,GPSGPPGPDGNK,1589,1600,0,1127.4940633113902,3,0,Aotus nancymaae,Aotus,,Aotidae,Primates,11,274,8.6
197,GPPGESGAAGPTGPIGSRGPSGPPGPDGNK,1571,1600,1,2657.2534819652797,2,0,Aotus nancymaae,Aotus,,Aotidae,Primates,29,273,3.23
198,GPPGESGAAGPTGPIGSRGPSGPPGPDGNK,1571,1600,1,2641.2593319652797,1,0,Aotus nancymaae,Aotus,,Aotidae,Primates,29,273,2.07
199,GPPGESGAAGPTGPIGSRGPSGPPGPDGNK,1571,1600,1,2705.2359319652796,5,0,Aotus nancymaae,Aotus,,Aotidae,Primates,29,273,0.96
200,GPPGESGAAGPTGPIGSR,1571,1588,0,1580.76555980436,1,0,Aotus nancymaae,Aotus,,Aotidae,Primates,17,272,85.13
201,GPPGESGAAGPTGPIGSR,1571,1588,0,1596.75970980436,2,0,Aotus nancymaae,Aotus,,Aotidae,Primates,17,272,45.45
202,GERGPPGESGAAGPTGPIGSR,1568,1588,1,1922.9307276365,1,0,Aotus nancymaae,Aotus,,Aotidae,Primates,20,271,62.71
203,GERGPPGESGAAGPTGPIGSR,1568,1588,1,1938.9248776365,2,0,Aotus nancymaae,Aotus,,Aotidae,Primates,20,271,28.98
204,GERGPPGESGAAGPTGPIGSR,1568,1588,1,1906.9365776365,0,0,Aotus nancymaae,Aotus,,Aotidae,Primates,20,271,0.47
205,GLPGEFGLPGPAGPRGER,1553,1570,1,1795.90704274439,2,0,Aotus nancymaae,Aotus,,Aotidae,Primates,17,270,41.63
206,GLPGEFGLPGPAGPRGER,1553,1570,1,1811.9011927443896,3,0,Aotus nancymaae,Aotus,,Aotidae,Primates,17,270,32.26
207,GLPGEFGLPGPAGPR,1553,1567,0,1453.74187491225,2,0,Aotus nancymaae,Aotus,,Aotidae,Primates,14,269,74.83
208,GLPGEFGLPGPAGPR,1553,1567,0,1437.74772491225,1,0,Aotus nancymaae,Aotus,,Aotidae,Primates,14,269,65.55
209,GLPGEFGLPGPAGPR,1553,1567,0,1469.73602491225,3,0,Aotus nancymaae,Aotus,,Aotidae,Primates,14,269,58.94
210,GLPGEFGLPGPAGPR,1553,1567,0,1485.73017491225,4,0,Aotus nancymaae,Aotus,,Aotidae,Primates,14,269,24.94
211,GEQGPAGPPGFQGLPGPSGPAGELGKPGER,1523,1552,0,2847.3520974511293,3,1,Aotus nancymaae,Aotus,,Aotidae,Primates,29,267,65.11
212,GEQGPAGPPGFQGLPGPSGPAGELGKPGER,1523,1552,0,2846.3680814511295,3,0,Aotus nancymaae,Aotus,,Aotidae,Primates,29,267,58.32
213,GEQGPAGPPGFQGLPGPSGPAGELGKPGER,1523,1552,0,2848.3361134511297,3,2,Aotus nancymaae,Aotus,,Aotidae,Primates,29,267,26.26
214,GEQGPAGPPGFQGLPGPSGPAGELGKPGER,1523,1552,0,2830.3739314511295,2,0,Aotus nancymaae,Aotus,,Aotidae,Primates,29,267,5.94
215,GEQGPAGPPGFQGLPGPSGPAGELGKPGER,1523,1552,0,2815.36379745113,1,1,Aotus nancymaae,Aotus,,Aotidae,Primates,29,267,4.92
216,GEQGPAGPPGFQGLPGPSGPAGELGKPGER,1523,1552,0,2863.3462474511293,4,1,Aotus nancymaae,Aotus,,Aotidae,Primates,29,267,4.71
217,GEQGPAGPPGFQGLPGPSGPAGELGKPGER,1523,1552,0,2831.3579474511293,2,1,Aotus nancymaae,Aotus,,Aotidae,Primates,29,267,3.43
218,GEQGPAGPPGFQGLPGPSGPAGELGKPGER,1523,1552,0,2911.3286974511293,7,1,Aotus nancymaae,Aotus,,Aotidae,Primates,29,267,1.98
219,GAPGPDGNNGAQGPPGPQGVQGGK,1499,1522,0,2145.9892687982097,2,0,Aotus nancymaae,Aotus,,Aotidae,Primates,23,266,78.36
220,GAPGPDGNNGAQGPPGPQGVQGGK,1499,1522,0,2147.95730079821,2,2,Aotus nancymaae,Aotus,,Aotidae,Primates,23,266,74.14
221,GAPGPDGNNGAQGPPGPQGVQGGK,1499,1522,0,2146.9732847982095,2,1,Aotus nancymaae,Aotus,,Aotidae,Primates,23,266,60.71
222,GAPGPDGNNGAQGPPGPQGVQGGK,1499,1522,0,2162.9674347982095,3,1,Aotus nancymaae,Aotus,,Aotidae,Primates,23,266,28.18
223,GAPGPDGNNGAQGPPGPQGVQGGK,1499,1522,0,2161.9834187982096,3,0,Aotus nancymaae,Aotus,,Aotidae,Primates,23,266,17.69
224,GAPGPDGNNGAQGPPGPQGVQGGK,1499,1522,0,2163.95145079821,3,2,Aotus nancymaae,Aotus,,Aotidae,Primates,23,266,2.4
225,GAPGPDGNNGAQGPPGPQGVQGGK,1499,1522,0,2166.9034987982095,3,5,Aotus nancymaae,Aotus,,Aotidae,Primates,23,266,1.51
226,GHAGLAGAR,1490,1498,0,809.43766052549,0,0,Aotus nancymaae,Aotus,,Aotidae,Primates,8,265,36.32
227,HGDKGHAGLAGAR,1486,1498,1,1262.63409214234,1,0,Aotus nancymaae,Aotus,,Aotidae,Primates,12,263,51.75
228,HGDKGHAGLAGAR,1486,1498,1,1246.63994214234,0,0,Aotus nancymaae,Aotus,,Aotidae,Primates,12,263,29.51
229,GPTGDPGKHGDK,1478,1489,1,1197.54792613297,2,0,Aotus nancymaae,Aotus,,Aotidae,Primates,11,261,34.11
230,GPTGDPGKHGDK,1478,1489,1,1181.55377613297,1,0,Aotus nancymaae,Aotus,,Aotidae,Primates,11,261,31.28
231,GPTGDPGKHGDK,1478,1489,1,1165.5596261329702,0,0,Aotus nancymaae,Aotus,,Aotidae,Primates,11,261,19.03
232,GEPGSIGFPGPKGPTGDPGK,1466,1485,1,1915.90015334131,4,0,Aotus nancymaae,Aotus,,Aotidae,Primates,19,258,16.46
233,GEPGSIGFPGPKGPTGDPGK,1466,1485,1,1899.90600334131,3,0,Aotus nancymaae,Aotus,,Aotidae,Primates,19,258,6.85
234,GEPGSIGFPGPKGPTGDPGK,1466,1485,1,1883.91185334131,2,0,Aotus nancymaae,Aotus,,Aotidae,Primates,19,258,1.01
235,GEPGSIGFPGPK,1466,1477,0,1158.57819997566,1,0,Aotus nancymaae,Aotus,,Aotidae,Primates,11,257,73.09
236,GEPGSIGFPGPK,1466,1477,0,1174.57234997566,2,0,Aotus nancymaae,Aotus,,Aotidae,Primates,11,257,72.34
237,GEPGSIGFPGPK,1466,1477,0,1190.56649997566,3,0,Aotus nancymaae,Aotus,,Aotidae,Primates,11,257,34.82
238,EGPVGLPGIDGRPGPIGPAGAR,1444,1465,0,2056.0926480115104,1,0,Aotus nancymaae,Aotus,,Aotidae,Primates,21,254,49.61
239,EGPVGLPGIDGRPGPIGPAGAR,1444,1465,0,2072.0867980115104,2,0,Aotus nancymaae,Aotus,,Aotidae,Primates,21,254,45.4
240,EGPVGLPGIDGRPGPIGPAGAR,1444,1465,0,2088.0809480115104,3,0,Aotus nancymaae,Aotus,,Aotidae,Primates,21,254,36.84
241,EGPVGLPGIDGRPGPIGPAGAR,1444,1465,0,2104.0750980115104,4,0,Aotus nancymaae,Aotus,,Aotidae,Primates,21,254,22.95
242,EGPVGLPGIDGRPGPIGPAGAR,1444,1465,0,2120.0692480115104,5,0,Aotus nancymaae,Aotus,,Aotidae,Primates,21,254,0.12
243,GLPGSPGNIGPAGKEGPVGLPGIDGRPGPIGPAGAR,1430,1465,1,3291.7057347592895,3,1,Aotus nancymaae,Aotus,,Aotidae,Primates,35,252,25.48
244,GLPGSPGNIGPAGKEGPVGLPGIDGRPGPIGPAGAR,1430,1465,1,3338.7041687592896,6,0,Aotus nancymaae,Aotus,,Aotidae,Primates,35,252,7.03
245,GLPGSPGNIGPAGK,1430,1443,0,1253.64691189825,2,0,Aotus nancymaae,Aotus,,Aotidae,Primates,13,250,87.34
246,GLPGSPGNIGPAGK,1430,1443,0,1254.63092789825,2,1,Aotus nancymaae,Aotus,,Aotidae,Primates,13,250,76.33
247,GLPGSPGNIGPAGK,1430,1443,0,1269.64106189825,3,0,Aotus nancymaae,Aotus,,Aotidae,Primates,13,250,14.11
248,GLPGSPGNIGPAGK,1430,1443,0,1238.63677789825,1,1,Aotus nancymaae,Aotus,,Aotidae,Primates,13,250,6.03
249,GLPGSPGNIGPAGK,1430,1443,0,1237.65276189825,1,0,Aotus nancymaae,Aotus,,Aotidae,Primates,13,250,5.1
250,GPSGDAGRPGEPGLMGPRGLPGSPGNIGPAGK,1412,1443,1,2990.4346488551696,5,0,Aotus nancymaae,Aotus,,Aotidae,Primates,31,246,3.26
251,GPSGDAGRPGEPGLMGPR,1412,1429,0,1739.81142810739,2,0,Aotus nancymaae,Aotus,,Aotidae,Primates,17,245,42.7
252,GPSGDAGRPGEPGLMGPR,1412,1429,0,1771.79972810739,4,0,Aotus nancymaae,Aotus,,Aotidae,Primates,17,245,42.4
253,GPSGDAGRPGEPGLMGPR,1412,1429,0,1755.80557810739,3,0,Aotus nancymaae,Aotus,,Aotidae,Primates,17,245,38.95
254,GASGPAGVRGPSGDAGRPGEPGLMGPR,1403,1429,1,2492.20436402823,2,0,Aotus nancymaae,Aotus,,Aotidae,Primates,26,243,6.83
255,AGVMGPAGSRGASGPAGVR,1393,1411,1,1654.84419790514,0,0,Aotus nancymaae,Aotus,,Aotidae,Primates,18,241,45.1
256,AGVMGPAGSRGASGPAGVR,1393,1411,1,1670.83834790514,1,0,Aotus nancymaae,Aotus,,Aotidae,Primates,18,241,15.34
257,AGVMGPAGSRGASGPAGVR,1393,1411,1,1686.83249790514,2,0,Aotus nancymaae,Aotus,,Aotidae,Primates,18,241,8.2
258,AGVMGPAGSRGASGPAGVR,1393,1411,1,1702.82664790514,3,0,Aotus nancymaae,Aotus,,Aotidae,Primates,18,241,4.38
259,AGVMGPAGSR,1393,1402,0,934.4395619843,2,0,Aotus nancymaae,Aotus,,Aotidae,Primates,9,240,74.19
260,AGVMGPAGSR,1393,1402,0,918.4454119843,1,0,Aotus nancymaae,Aotus,,Aotidae,Primates,9,240,55.38
261,AGVMGPAGSR,1393,1402,0,902.4512619843,0,0,Aotus nancymaae,Aotus,,Aotidae,Primates,9,240,46.79
262,GLPGADGRAGVMGPAGSR,1385,1402,1,1641.81179880413,1,0,Aotus nancymaae,Aotus,,Aotidae,Primates,17,239,24.34
263,GLPGADGRAGVMGPAGSR,1385,1402,1,1673.80009880413,3,0,Aotus nancymaae,Aotus,,Aotidae,Primates,17,239,12.68
264,GLPGADGRAGVMGPAGSR,1385,1402,1,1657.80594880413,2,0,Aotus nancymaae,Aotus,,Aotidae,Primates,17,239,5.82
265,GSPGSRGLPGADGR,1379,1392,1,1315.63338709243,2,0,Aotus nancymaae,Aotus,,Aotidae,Primates,13,237,40.43
266,GSPGSRGLPGADGR,1379,1392,1,1283.64508709243,0,0,Aotus nancymaae,Aotus,,Aotidae,Primates,13,237,9.78
267,GPNGEAGSAGPPGPPGLRGSPGSR,1361,1384,1,2161.0365533438,2,0,Aotus nancymaae,Aotus,,Aotidae,Primates,23,233,38.53
268,GPNGEAGSAGPPGPPGLRGSPGSR,1361,1384,1,2177.0307033438,3,0,Aotus nancymaae,Aotus,,Aotidae,Primates,23,233,19.78
269,GPNGEAGSAGPPGPPGLRGSPGSR,1361,1384,1,2162.0205693437997,2,1,Aotus nancymaae,Aotus,,Aotidae,Primates,23,233,12.11
270,GPNGEAGSAGPPGPPGLR,1361,1378,0,1603.78154422167,1,0,Aotus nancymaae,Aotus,,Aotidae,Primates,17,232,85.98
271,GPNGEAGSAGPPGPPGLR,1361,1378,0,1604.76556022167,1,1,Aotus nancymaae,Aotus,,Aotidae,Primates,17,232,76.02
272,GPNGEAGSAGPPGPPGLR,1361,1378,0,1619.77569422167,2,0,Aotus nancymaae,Aotus,,Aotidae,Primates,17,232,74.36
273,GPNGEAGSAGPPGPPGLR,1361,1378,0,1635.76984422167,3,0,Aotus nancymaae,Aotus,,Aotidae,Primates,17,232,55.2
274,RGPNGEAGSAGPPGPPGLR,1360,1378,1,1759.88265524527,1,0,Aotus nancymaae,Aotus,,Aotidae,Primates,18,231,69.79
275,RGPNGEAGSAGPPGPPGLR,1360,1378,1,1775.87680524527,2,0,Aotus nancymaae,Aotus,,Aotidae,Primates,18,231,49.19
276,RGPNGEAGSAGPPGPPGLR,1360,1378,1,1760.86667124527,1,1,Aotus nancymaae,Aotus,,Aotidae,Primates,18,231,41.21
277,GEPGSAGPQGPPGPSGEEGKR,1340,1360,1,1979.90380783875,2,0,Aotus nancymaae,Aotus,,Aotidae,Primates,20,229,50.48
278,GEPGSAGPQGPPGPSGEEGKR,1340,1360,1,1995.89795783875,3,0,Aotus nancymaae,Aotus,,Aotidae,Primates,20,229,17.91
279,GEPGSAGPQGPPGPSGEEGKR,1340,1360,1,1963.90965783875,1,0,Aotus nancymaae,Aotus,,Aotidae,Primates,20,229,16.68
280,GEPGSAGPQGPPGPSGEEGKR,1340,1360,1,1996.88197383875,3,1,Aotus nancymaae,Aotus,,Aotidae,Primates,20,229,10.29
281,GEPGSAGPQGPPGPSGEEGKR,1340,1360,1,1980.88782383875,2,1,Aotus nancymaae,Aotus,,Aotidae,Primates,20,229,7.5
282,GEPGSAGPQGPPGPSGEEGK,1340,1359,0,1823.80269681515,2,0,Aotus nancymaae,Aotus,,Aotidae,Primates,19,228,77.95
283,GEPGSAGPQGPPGPSGEEGK,1340,1359,0,1824.7867128151504,2,1,Aotus nancymaae,Aotus,,Aotidae,Primates,19,228,41.31
284,GEPGSAGPQGPPGPSGEEGK,1340,1359,0,1807.80854681515,1,0,Aotus nancymaae,Aotus,,Aotidae,Primates,19,228,30.25
285,GEPGSAGPQGPPGPSGEEGK,1340,1359,0,1839.79684681515,3,0,Aotus nancymaae,Aotus,,Aotidae,Primates,19,228,3.0
286,GESGNKGEPGSAGPQGPPGPSGEEGK,1334,1359,1,2412.0522862036696,3,0,Aotus nancymaae,Aotus,,Aotidae,Primates,25,226,46.6
287,GESGNKGEPGSAGPQGPPGPSGEEGK,1334,1359,1,2396.0581362036696,2,0,Aotus nancymaae,Aotus,,Aotidae,Primates,25,226,43.33
288,GESGNKGEPGSAGPQGPPGPSGEEGK,1334,1359,1,2380.0639862036696,1,0,Aotus nancymaae,Aotus,,Aotidae,Primates,25,226,28.15
289,GESGNKGEPGSAGPQGPPGPSGEEGK,1334,1359,1,2381.0480022036695,1,1,Aotus nancymaae,Aotus,,Aotidae,Primates,25,226,26.06
290,GESGNKGEPGSAGPQGPPGPSGEEGK,1334,1359,1,2397.0421522036695,2,1,Aotus nancymaae,Aotus,,Aotidae,Primates,25,226,24.13
291,GLVGEPGPAGSKGESGNK,1322,1339,1,1672.81213930004,2,0,Aotus nancymaae,Aotus,,Aotidae,Primates,17,224,55.56
292,GLVGEPGPAGSKGESGNK,1322,1339,1,1656.81798930004,1,0,Aotus nancymaae,Aotus,,Aotidae,Primates,17,224,12.77
293,GLVGEPGPAGSKGESGNK,1322,1339,1,1688.80628930004,3,0,Aotus nancymaae,Aotus,,Aotidae,Primates,17,224,6.09
294,GLVGEPGPAGSK,1322,1333,0,1084.56254991152,1,0,Aotus nancymaae,Aotus,,Aotidae,Primates,11,223,64.88
295,GLVGEPGPAGSK,1322,1333,0,1100.55669991152,2,0,Aotus nancymaae,Aotus,,Aotidae,Primates,11,223,46.18
296,GIPGPVGAAGATGAR,1307,1321,0,1267.67455997199,1,0,Aotus nancymaae,Aotus,,Aotidae,Primates,14,222,79.72
297,GIPGPVGAAGATGAR,1307,1321,0,1283.66870997199,2,0,Aotus nancymaae,Aotus,,Aotidae,Primates,14,222,77.96
298,GAAGLPGVAGAPGLPGPRGIPGPVGAAGATGAR,1289,1321,1,2811.4829557205,4,0,Aotus nancymaae,Aotus,,Aotidae,Primates,32,221,13.67
299,GAAGLPGVAGAPGLPGPR,1289,1306,0,1562.82623689898,3,0,Aotus nancymaae,Aotus,,Aotidae,Primates,17,220,84.12
300,GAAGLPGVAGAPGLPGPR,1289,1306,0,1578.82038689898,4,0,Aotus nancymaae,Aotus,,Aotidae,Primates,17,220,4.48
301,GEVGLPGLSGPVGPPGNPGANGLTGAK,1262,1288,0,2435.2018150635695,4,1,Aotus nancymaae,Aotus,,Aotidae,Primates,26,218,74.15
302,GEVGLPGLSGPVGPPGNPGANGLTGAK,1262,1288,0,2434.2177990635696,4,0,Aotus nancymaae,Aotus,,Aotidae,Primates,26,218,70.21
303,GEVGLPGLSGPVGPPGNPGANGLTGAK,1262,1288,0,2418.2236490635696,3,0,Aotus nancymaae,Aotus,,Aotidae,Primates,26,218,60.38
304,GEVGLPGLSGPVGPPGNPGANGLTGAK,1262,1288,0,2436.18583106357,4,2,Aotus nancymaae,Aotus,,Aotidae,Primates,26,218,55.68
305,GEVGLPGLSGPVGPPGNPGANGLTGAK,1262,1288,0,2419.2076650635695,3,1,Aotus nancymaae,Aotus,,Aotidae,Primates,26,218,54.45
306,GEVGLPGLSGPVGPPGNPGANGLTGAK,1262,1288,0,2452.17998106357,5,2,Aotus nancymaae,Aotus,,Aotidae,Primates,26,218,52.88
307,GEVGLPGLSGPVGPPGNPGANGLTGAK,1262,1288,0,2451.1959650635695,5,1,Aotus nancymaae,Aotus,,Aotidae,Primates,26,218,51.38
308,GEVGLPGLSGPVGPPGNPGANGLTGAK,1262,1288,0,2450.2119490635696,5,0,Aotus nancymaae,Aotus,,Aotidae,Primates,26,218,38.71
309,GEVGLPGLSGPVGPPGNPGANGLTGAK,1262,1288,0,2403.2135150635695,2,1,Aotus nancymaae,Aotus,,Aotidae,Primates,26,218,13.97
310,GEIGAIGNPGVAGPAGPR,1244,1261,0,1606.8175957945302,1,1,Aotus nancymaae,Aotus,,Aotidae,Primates,17,217,86.24
311,GEIGAIGNPGVAGPAGPR,1244,1261,0,1605.83357979453,1,0,Aotus nancymaae,Aotus,,Aotidae,Primates,17,217,78.28
312,GEIGAIGNPGVAGPAGPR,1244,1261,0,1589.83942979453,0,0,Aotus nancymaae,Aotus,,Aotidae,Primates,17,217,77.77
313,GEIGAIGNPGVAGPAGPR,1244,1261,0,1621.82772979453,2,0,Aotus nancymaae,Aotus,,Aotidae,Primates,17,217,70.39
314,GEIGAIGNPGVAGPAGPR,1244,1261,0,1590.8234457945302,0,1,Aotus nancymaae,Aotus,,Aotidae,Primates,17,217,68.04
315,GEIGAIGNPGVAGPAGPR,1244,1261,0,1638.8058957945302,3,1,Aotus nancymaae,Aotus,,Aotidae,Primates,17,217,5.83
316,GEIGAIGNPGVAGPAGPR,1244,1261,0,1622.8117457945302,2,1,Aotus nancymaae,Aotus,,Aotidae,Primates,17,217,4.26
317,GSDGSVGPVGPAGPIGSAGPPGFPGAPGPK,1214,1243,0,2573.2615274678396,2,0,Aotus nancymaae,Aotus,,Aotidae,Primates,29,216,97.83
318,GSDGSVGPVGPAGPIGSAGPPGFPGAPGPK,1214,1243,0,2589.2556774678396,3,0,Aotus nancymaae,Aotus,,Aotidae,Primates,29,216,93.78
319,GSDGSVGPVGPAGPIGSAGPPGFPGAPGPK,1214,1243,0,2605.2498274678396,4,0,Aotus nancymaae,Aotus,,Aotidae,Primates,29,216,53.17
320,VGAGGPAGARGSDGSVGPVGPAGPIGSAGPPGFPGAPGPK,1204,1243,1,3350.6868624896897,1,0,Aotus nancymaae,Aotus,,Aotidae,Primates,39,215,0.48
321,VGAGGPAGAR,1204,1213,0,828.4314761723199,1,0,Aotus nancymaae,Aotus,,Aotidae,Primates,9,214,65.19
322,GRVGAGGPAGAR,1202,1213,1,1041.55405091649,1,0,Aotus nancymaae,Aotus,,Aotidae,Primates,11,213,66.0
323,GRVGAGGPAGAR,1202,1213,1,1025.55990091649,0,0,Aotus nancymaae,Aotus,,Aotidae,Primates,11,213,4.97
324,GEPGAPGENGTPGQTGARGLPGER,1178,1201,1,2312.03624305133,3,2,Aotus nancymaae,Aotus,,Aotidae,Primates,23,211,6.23
325,GEPGAPGENGTPGQTGARGLPGER,1178,1201,1,2310.06821105133,3,0,Aotus nancymaae,Aotus,,Aotidae,Primates,23,211,2.55
326,GEPGAPGENGTPGQTGAR,1178,1195,0,1700.74475167264,3,0,Aotus nancymaae,Aotus,,Aotidae,Primates,17,210,75.72
327,GEPGAPGENGTPGQTGAR,1178,1195,0,1701.72876767264,3,1,Aotus nancymaae,Aotus,,Aotidae,Primates,17,210,62.88
328,GEPGAPGENGTPGQTGAR,1178,1195,0,1702.71278367264,3,2,Aotus nancymaae,Aotus,,Aotidae,Primates,17,210,59.27
329,GEPGAPGENGTPGQTGAR,1178,1195,0,1685.73461767264,2,1,Aotus nancymaae,Aotus,,Aotidae,Primates,17,210,40.73
330,GEPGAPGENGTPGQTGAR,1178,1195,0,1686.71863367264,2,2,Aotus nancymaae,Aotus,,Aotidae,Primates,17,210,23.68
331,GQPGAPGVKGEPGAPGENGTPGQTGAR,1169,1195,1,2525.1460547490296,5,1,Aotus nancymaae,Aotus,,Aotidae,Primates,26,207,48.41
332,GQPGAPGVKGEPGAPGENGTPGQTGAR,1169,1195,1,2541.1402047490296,6,1,Aotus nancymaae,Aotus,,Aotidae,Primates,26,207,35.05
333,GQPGAPGVKGEPGAPGENGTPGQTGAR,1169,1195,1,2543.10823674903,6,3,Aotus nancymaae,Aotus,,Aotidae,Primates,26,207,30.92
334,GQPGAPGVKGEPGAPGENGTPGQTGAR,1169,1195,1,2540.1561887490298,6,0,Aotus nancymaae,Aotus,,Aotidae,Primates,26,207,30.59
335,GQPGAPGVKGEPGAPGENGTPGQTGAR,1169,1195,1,2508.1678887490298,4,0,Aotus nancymaae,Aotus,,Aotidae,Primates,26,207,27.62
336,GQPGAPGVKGEPGAPGENGTPGQTGAR,1169,1195,1,2542.12422074903,6,2,Aotus nancymaae,Aotus,,Aotidae,Primates,26,207,16.0
337,GQPGAPGVKGEPGAPGENGTPGQTGAR,1169,1195,1,2524.1620387490298,5,0,Aotus nancymaae,Aotus,,Aotidae,Primates,26,207,11.81
338,GQPGAPGVKGEPGAPGENGTPGQTGAR,1169,1195,1,2478.14762074903,2,2,Aotus nancymaae,Aotus,,Aotidae,Primates,26,207,7.9
339,GQPGAPGVKGEPGAPGENGTPGQTGAR,1169,1195,1,2492.17373874903,3,0,Aotus nancymaae,Aotus,,Aotidae,Primates,26,207,0.29
340,GHNGLDGLKGQPGAPGVK,1160,1177,1,1749.88554268025,3,0,Aotus nancymaae,Aotus,,Aotidae,Primates,17,205,34.92
341,GHNGLDGLKGQPGAPGVK,1160,1177,1,1734.87540868025,2,1,Aotus nancymaae,Aotus,,Aotidae,Primates,17,205,28.84
342,GHNGLDGLKGQPGAPGVK,1160,1177,1,1718.88125868025,1,1,Aotus nancymaae,Aotus,,Aotidae,Primates,17,205,24.88
343,GHNGLDGLKGQPGAPGVK,1160,1177,1,1733.89139268025,2,0,Aotus nancymaae,Aotus,,Aotidae,Primates,17,205,24.21
344,GHNGLDGLKGQPGAPGVK,1160,1177,1,1750.86955868025,3,1,Aotus nancymaae,Aotus,,Aotidae,Primates,17,205,23.96
345,GHNGLDGLKGQPGAPGVK,1160,1177,1,1766.86370868025,4,1,Aotus nancymaae,Aotus,,Aotidae,Primates,17,205,20.16
346,GHNGLDGLKGQPGAPGVK,1160,1177,1,1751.85357468025,3,2,Aotus nancymaae,Aotus,,Aotidae,Primates,17,205,17.73
347,GHNGLDGLKGQPGAPGVK,1160,1177,1,1765.87969268025,4,0,Aotus nancymaae,Aotus,,Aotidae,Primates,17,205,16.28
348,GHNGLDGLKGQPGAPGVK,1160,1177,1,1735.85942468025,2,2,Aotus nancymaae,Aotus,,Aotidae,Primates,17,205,13.3
349,GHNGLDGLK,1160,1168,0,910.47410560386,0,0,Aotus nancymaae,Aotus,,Aotidae,Primates,8,204,35.13
350,GHNGLDGLK,1160,1168,0,927.45227160386,1,1,Aotus nancymaae,Aotus,,Aotidae,Primates,8,204,34.83
351,GHNGLDGLK,1160,1168,0,911.45812160386,0,1,Aotus nancymaae,Aotus,,Aotidae,Primates,8,204,31.09
352,GHNGLDGLK,1160,1168,0,926.46825560386,1,0,Aotus nancymaae,Aotus,,Aotidae,Primates,8,204,29.04
353,GFPGTPGLPGFKGIR,1145,1159,1,1548.81460958612,3,0,Aotus nancymaae,Aotus,,Aotidae,Primates,14,202,41.9
354,GFPGTPGLPGFKGIR,1145,1159,1,1564.80875958612,4,0,Aotus nancymaae,Aotus,,Aotidae,Primates,14,202,39.26
355,GFPGTPGLPGFKGIR,1145,1159,1,1532.82045958612,2,0,Aotus nancymaae,Aotus,,Aotidae,Primates,14,202,16.51
356,GFPGTPGLPGFKGIR,1145,1159,1,1516.82630958612,1,0,Aotus nancymaae,Aotus,,Aotidae,Primates,14,202,6.88
357,GFPGTPGLPGFK,1145,1156,0,1238.60212086482,4,0,Aotus nancymaae,Aotus,,Aotidae,Primates,11,201,62.8
358,GFPGTPGLPGFK,1145,1156,0,1222.60797086482,3,0,Aotus nancymaae,Aotus,,Aotidae,Primates,11,201,48.02
359,GFPGTPGLPGFK,1145,1156,0,1206.61382086482,2,0,Aotus nancymaae,Aotus,,Aotidae,Primates,11,201,44.11
360,GVVGPQGARGFPGTPGLPGFK,1136,1156,1,2060.05290601495,4,0,Aotus nancymaae,Aotus,,Aotidae,Primates,20,200,10.17
361,GVVGPQGARGFPGTPGLPGFK,1136,1156,1,2044.05875601495,3,0,Aotus nancymaae,Aotus,,Aotidae,Primates,20,200,9.94
362,GVVGPQGARGFPGTPGLPGFK,1136,1156,1,2061.03692201495,4,1,Aotus nancymaae,Aotus,,Aotidae,Primates,20,200,8.59
363,GVVGPQGARGFPGTPGLPGFK,1136,1156,1,2028.06460601495,2,0,Aotus nancymaae,Aotus,,Aotidae,Primates,20,200,7.55
364,GVVGPQGAR,1136,1144,0,840.4686263005999,0,0,Aotus nancymaae,Aotus,,Aotidae,Primates,8,199,45.85
365,GVVGPQGAR,1136,1144,0,841.4526423005999,0,1,Aotus nancymaae,Aotus,,Aotidae,Primates,8,199,31.9
366,GVVGPQGAR,1136,1144,0,856.4627763005999,1,0,Aotus nancymaae,Aotus,,Aotidae,Primates,8,199,1.51
367,AGEDGHPGKPGRPGER,1120,1135,0,1648.777091204,2,0,Aotus nancymaae,Aotus,,Aotidae,Primates,15,194,31.48
368,AGEDGHPGKPGRPGER,1120,1135,0,1664.771241204,3,0,Aotus nancymaae,Aotus,,Aotidae,Primates,15,194,28.74
369,GPPGAAGAPGPQGFQGPAGEPGEPGQTGPAGSR,1079,1111,0,2976.3323882921395,4,1,Aotus nancymaae,Aotus,,Aotidae,Primates,32,189,33.75
370,GPPGAAGAPGPQGFQGPAGEPGEPGQTGPAGSR,1079,1111,0,2992.3265382921395,5,1,Aotus nancymaae,Aotus,,Aotidae,Primates,32,189,25.86
371,GPPGAAGAPGPQGFQGPAGEPGEPGQTGPAGSR,1079,1111,0,3007.3366722921396,6,0,Aotus nancymaae,Aotus,,Aotidae,Primates,32,189,25.08
372,GPPGAAGAPGPQGFQGPAGEPGEPGQTGPAGSR,1079,1111,0,2959.3542222921396,3,0,Aotus nancymaae,Aotus,,Aotidae,Primates,32,189,17.79
373,GPPGAAGAPGPQGFQGPAGEPGEPGQTGPAGSR,1079,1111,0,2977.31640429214,4,2,Aotus nancymaae,Aotus,,Aotidae,Primates,32,189,14.58
374,GPPGAAGAPGPQGFQGPAGEPGEPGQTGPAGSR,1079,1111,0,2961.32225429214,3,2,Aotus nancymaae,Aotus,,Aotidae,Primates,32,189,14.21
375,GPPGAAGAPGPQGFQGPAGEPGEPGQTGPAGSR,1079,1111,0,2975.3483722921396,4,0,Aotus nancymaae,Aotus,,Aotidae,Primates,32,189,12.5
376,GPPGAAGAPGPQGFQGPAGEPGEPGQTGPAGSR,1079,1111,0,2994.2945702921397,5,3,Aotus nancymaae,Aotus,,Aotidae,Primates,32,189,12.44
377,GPPGAAGAPGPQGFQGPAGEPGEPGQTGPAGSR,1079,1111,0,2991.3425222921396,5,0,Aotus nancymaae,Aotus,,Aotidae,Primates,32,189,12.28
378,GVGLGPGPMGLMGPR,1064,1078,0,1443.70598773727,3,0,Aotus nancymaae,Aotus,,Aotidae,Primates,14,188,65.88
379,GVGLGPGPMGLMGPR,1064,1078,0,1427.71183773727,2,0,Aotus nancymaae,Aotus,,Aotidae,Primates,14,188,65.43
380,GVGLGPGPMGLMGPR,1064,1078,0,1411.71768773727,1,0,Aotus nancymaae,Aotus,,Aotidae,Primates,14,188,65.2
381,GVGLGPGPMGLMGPR,1064,1078,0,1395.72353773727,0,0,Aotus nancymaae,Aotus,,Aotidae,Primates,14,188,59.12
382,GVGLGPGPMGLMGPR,1064,1078,0,1459.70013773727,4,0,Aotus nancymaae,Aotus,,Aotidae,Primates,14,188,45.24
383,QYDGKGVGLGPGPMGLMGPR,1059,1078,1,2018.9771135335,2,0,Aotus nancymaae,Aotus,,Aotidae,Primates,19,185,0.64
384,QYDGKGVGLGPGPMGLMGPR,1059,1078,1,2066.9595635335,5,0,Aotus nancymaae,Aotus,,Aotidae,Primates,19,185,0.52
385,QYDGKGVGLGPGPMGLMGPR,1059,1078,1,2067.9435795335,5,1,Aotus nancymaae,Aotus,,Aotidae,Primates,19,185,0.1
386,DGLNGLPGPIGPPGPRGR,992,1009,1,1774.9171771617,3,0,Aotus nancymaae,Aotus,,Aotidae,Primates,17,182,14.63
387,DGLNGLPGPIGPPGPRGR,992,1009,1,1775.9011931617,3,1,Aotus nancymaae,Aotus,,Aotidae,Primates,17,182,12.85
388,DGLNGLPGPIGPPGPR,992,1007,0,1546.7844684175302,2,1,Aotus nancymaae,Aotus,,Aotidae,Primates,15,181,67.33
389,DGLNGLPGPIGPPGPR,992,1007,0,1562.7786184175302,3,1,Aotus nancymaae,Aotus,,Aotidae,Primates,15,181,64.8
390,DGLNGLPGPIGPPGPR,992,1007,0,1545.80045241753,2,0,Aotus nancymaae,Aotus,,Aotidae,Primates,15,181,62.38
391,DGLNGLPGPIGPPGPR,992,1007,0,1530.7903184175302,1,1,Aotus nancymaae,Aotus,,Aotidae,Primates,15,181,50.67
392,DGLNGLPGPIGPPGPR,992,1007,0,1561.79460241753,3,0,Aotus nancymaae,Aotus,,Aotidae,Primates,15,181,46.68
393,DGLNGLPGPIGPPGPR,992,1007,0,1578.7727684175302,4,1,Aotus nancymaae,Aotus,,Aotidae,Primates,15,181,30.45
394,DGLNGLPGPIGPPGPR,992,1007,0,1577.78875241753,4,0,Aotus nancymaae,Aotus,,Aotidae,Primates,15,181,25.2
395,DGLNGLPGPIGPPGPR,992,1007,0,1529.80630241753,1,0,Aotus nancymaae,Aotus,,Aotidae,Primates,15,181,19.89
396,DGLNGLPGPIGPPGPR,992,1007,0,1513.81215241753,0,0,Aotus nancymaae,Aotus,,Aotidae,Primates,15,181,15.98
397,GPPGSAGAAGKDGLNGLPGPIGPPGPR,981,1007,1,2412.2243177699097,3,0,Aotus nancymaae,Aotus,,Aotidae,Primates,26,180,61.03
398,GPPGSAGAAGKDGLNGLPGPIGPPGPR,981,1007,1,2445.1966337699096,5,1,Aotus nancymaae,Aotus,,Aotidae,Primates,26,180,54.76
399,GPPGSAGAAGKDGLNGLPGPIGPPGPR,981,1007,1,2429.2024837699096,4,1,Aotus nancymaae,Aotus,,Aotidae,Primates,26,180,53.81
400,GPPGSAGAAGKDGLNGLPGPIGPPGPR,981,1007,1,2444.2126177699097,5,0,Aotus nancymaae,Aotus,,Aotidae,Primates,26,180,47.29
401,GPPGSAGAAGKDGLNGLPGPIGPPGPR,981,1007,1,2413.2083337699096,3,1,Aotus nancymaae,Aotus,,Aotidae,Primates,26,180,44.82
402,GPPGSAGAAGKDGLNGLPGPIGPPGPR,981,1007,1,2428.2184677699097,4,0,Aotus nancymaae,Aotus,,Aotidae,Primates,26,180,41.78
403,GPPGSAGAAGKDGLNGLPGPIGPPGPR,981,1007,1,2397.2141837699096,2,1,Aotus nancymaae,Aotus,,Aotidae,Primates,26,180,40.77
404,GPPGSAGAAGKDGLNGLPGPIGPPGPR,981,1007,1,2460.2067677699097,6,0,Aotus nancymaae,Aotus,,Aotidae,Primates,26,180,31.82
405,GPPGSAGAAGKDGLNGLPGPIGPPGPR,981,1007,1,2461.1907837699096,6,1,Aotus nancymaae,Aotus,,Aotidae,Primates,26,180,29.86
406,GPPGSAGAAGKDGLNGLPGPIGPPGPR,981,1007,1,2396.2301677699097,2,0,Aotus nancymaae,Aotus,,Aotidae,Primates,26,180,22.8
407,GPPGSAGAAGK,981,991,0,885.4417065028499,1,0,Aotus nancymaae,Aotus,,Aotidae,Primates,10,179,67.87
408,GPPGSAGAAGK,981,991,0,901.43585650285,2,0,Aotus nancymaae,Aotus,,Aotidae,Primates,10,179,56.26
409,GPPGSAGAAGK,981,991,0,869.4475565028499,0,0,Aotus nancymaae,Aotus,,Aotidae,Primates,10,179,47.33
410,GFSGLQGPPGPPGSPGEQGPSGASGPAGPR,951,980,0,2705.2527173457197,3,0,Aotus nancymaae,Aotus,,Aotidae,Primates,29,177,96.64
411,GFSGLQGPPGPPGSPGEQGPSGASGPAGPR,951,980,0,2690.2425833457196,2,1,Aotus nancymaae,Aotus,,Aotidae,Primates,29,177,86.93
412,GFSGLQGPPGPPGSPGEQGPSGASGPAGPR,951,980,0,2674.2484333457196,1,1,Aotus nancymaae,Aotus,,Aotidae,Primates,29,177,80.33
413,GFSGLQGPPGPPGSPGEQGPSGASGPAGPR,951,980,0,2673.2644173457197,1,0,Aotus nancymaae,Aotus,,Aotidae,Primates,29,177,79.53
414,GFSGLQGPPGPPGSPGEQGPSGASGPAGPR,951,980,0,2706.2367333457196,3,1,Aotus nancymaae,Aotus,,Aotidae,Primates,29,177,72.53
415,GFSGLQGPPGPPGSPGEQGPSGASGPAGPR,951,980,0,2689.2585673457197,2,0,Aotus nancymaae,Aotus,,Aotidae,Primates,29,177,72.1
416,GFSGLQGPPGPPGSPGEQGPSGASGPAGPR,951,980,0,2707.22074934572,3,2,Aotus nancymaae,Aotus,,Aotidae,Primates,29,177,68.08
417,GFSGLQGPPGPPGSPGEQGPSGASGPAGPR,951,980,0,2691.22659934572,2,2,Aotus nancymaae,Aotus,,Aotidae,Primates,29,177,41.78
418,GFSGLQGPPGPPGSPGEQGPSGASGPAGPR,951,980,0,2675.23244934572,1,2,Aotus nancymaae,Aotus,,Aotidae,Primates,29,177,40.15
419,GFSGLQGPPGPPGSPGEQGPSGASGPAGPR,951,980,0,2658.2542833457196,0,1,Aotus nancymaae,Aotus,,Aotidae,Primates,29,177,38.36
420,GFSGLQGPPGPPGSPGEQGPSGASGPAGPR,951,980,0,2657.2702673457197,0,0,Aotus nancymaae,Aotus,,Aotidae,Primates,29,177,27.62
421,GFSGLQGPPGPPGSPGEQGPSGASGPAGPR,951,980,0,2721.2468673457197,4,0,Aotus nancymaae,Aotus,,Aotidae,Primates,29,177,26.79
422,GHRGFSGLQGPPGPPGSPGEQGPSGASGPAGPR,948,980,1,3087.42250394834,5,0,Aotus nancymaae,Aotus,,Aotidae,Primates,32,176,4.73
423,GHRGFSGLQGPPGPPGSPGEQGPSGASGPAGPR,948,980,1,3120.39481994834,7,1,Aotus nancymaae,Aotus,,Aotidae,Primates,32,176,4.6
424,GHRGFSGLQGPPGPPGSPGEQGPSGASGPAGPR,948,980,1,3057.40223594834,3,2,Aotus nancymaae,Aotus,,Aotidae,Primates,32,176,0.41
425,GETGEQGDR,936,944,0,948.40172850924,0,0,Aotus nancymaae,Aotus,,Aotidae,Primates,8,175,39.64
426,GDKGETGEQGDR,933,944,1,1264.53924826764,1,0,Aotus nancymaae,Aotus,,Aotidae,Primates,11,173,48.38
427,GETGEQGDRGIK,936,947,1,1262.59636922094,1,0,Aotus nancymaae,Aotus,,Aotidae,Primates,11,173,48.38
428,GDKGETGEQGDR,933,944,1,1249.52911426764,0,1,Aotus nancymaae,Aotus,,Aotidae,Primates,11,173,42.88
429,GETGEQGDRGIK,936,947,1,1247.58623522094,0,1,Aotus nancymaae,Aotus,,Aotidae,Primates,11,173,42.88
430,GDKGETGEQGDR,933,944,1,1248.54509826764,0,0,Aotus nancymaae,Aotus,,Aotidae,Primates,11,173,38.84
431,GETGEQGDRGIK,936,947,1,1246.60221922094,0,0,Aotus nancymaae,Aotus,,Aotidae,Primates,11,173,38.84
432,GPAGPQGPRGDK,924,935,1,1137.56471193072,0,1,Aotus nancymaae,Aotus,,Aotidae,Primates,11,172,27.08
433,GPAGPQGPRGDK,924,935,1,1136.58069593072,0,0,Aotus nancymaae,Aotus,,Aotidae,Primates,11,172,26.29
434,GPAGPQGPRGDK,924,935,1,1152.57484593072,1,0,Aotus nancymaae,Aotus,,Aotidae,Primates,11,172,14.89
435,GPAGPQGPR,924,932,0,836.4373261723199,0,0,Aotus nancymaae,Aotus,,Aotidae,Primates,8,170,56.87
436,GPAGPQGPR,924,932,0,837.4213421723199,0,1,Aotus nancymaae,Aotus,,Aotidae,Primates,8,170,47.22
437,GPAGPQGPR,924,932,0,852.4314761723199,1,0,Aotus nancymaae,Aotus,,Aotidae,Primates,8,170,28.57
438,GPAGPQGPR,924,932,0,868.4256261723199,2,0,Aotus nancymaae,Aotus,,Aotidae,Primates,8,170,15.27
439,GPAGPQGPR,924,932,0,869.4096421723199,2,1,Aotus nancymaae,Aotus,,Aotidae,Primates,8,170,4.48
440,GPAGPQGPR,924,932,0,885.4037921723199,3,1,Aotus nancymaae,Aotus,,Aotidae,Primates,8,170,2.94
441,GPAGPQGPR,924,932,0,884.4197761723199,3,0,Aotus nancymaae,Aotus,,Aotidae,Primates,8,170,1.48
442,GETGPAGPAGPVGPVGSRGPAGPQGPR,906,932,1,2380.2116302707896,0,0,Aotus nancymaae,Aotus,,Aotidae,Primates,26,169,15.88
443,GETGPAGPAGPVGPVGSRGPAGPQGPR,906,932,1,2444.1882302707895,4,0,Aotus nancymaae,Aotus,,Aotidae,Primates,26,169,0.79
444,GETGPAGPAGPVGPVGSR,906,923,0,1562.79214524894,0,0,Aotus nancymaae,Aotus,,Aotidae,Primates,17,168,84.59
445,GETGPAGPAGPVGPVGSR,906,923,0,1578.78629524894,1,0,Aotus nancymaae,Aotus,,Aotidae,Primates,17,168,61.71
446,GETGPAGPAGPVGPVGSR,906,923,0,1594.78044524894,2,0,Aotus nancymaae,Aotus,,Aotidae,Primates,17,168,12.65
447,SGDRGETGPAGPAGPVGPVGSR,902,923,1,1977.97369142121,0,0,Aotus nancymaae,Aotus,,Aotidae,Primates,21,166,70.74
448,SGDRGETGPAGPAGPVGPVGSR,902,923,1,1993.96784142121,1,0,Aotus nancymaae,Aotus,,Aotidae,Primates,21,166,25.78
449,SGDRGETGPAGPAGPVGPVGSR,902,923,1,2009.96199142121,2,0,Aotus nancymaae,Aotus,,Aotidae,Primates,21,166,9.69
450,GESGPAGPPGAPGAPGAPGPVGPAGKSGDR,876,905,1,2602.2089889414497,5,0,Aotus nancymaae,Aotus,,Aotidae,Primates,29,165,16.53
451,GESGPAGPPGAPGAPGAPGPVGPAGKSGDR,876,905,1,2618.2031389414497,6,0,Aotus nancymaae,Aotus,,Aotidae,Primates,29,165,9.76
452,GESGPAGPPGAPGAPGAPGPVGPAGK,876,901,0,2155.03914276918,3,0,Aotus nancymaae,Aotus,,Aotidae,Primates,25,164,81.0
453,GESGPAGPPGAPGAPGAPGPVGPAGK,876,901,0,2171.03329276918,4,0,Aotus nancymaae,Aotus,,Aotidae,Primates,25,164,67.18
454,GESGPAGPPGAPGAPGAPGPVGPAGK,876,901,0,2139.04499276918,2,0,Aotus nancymaae,Aotus,,Aotidae,Primates,25,164,59.46
455,GESGPAGPPGAPGAPGAPGPVGPAGK,876,901,0,2123.05084276918,1,0,Aotus nancymaae,Aotus,,Aotidae,Primates,25,164,53.67
456,GESGPAGPPGAPGAPGAPGPVGPAGK,876,901,0,2203.0215927691797,6,0,Aotus nancymaae,Aotus,,Aotidae,Primates,25,164,11.29
457,GDRGESGPAGPPGAPGAPGAPGPVGPAGK,873,901,1,2467.1945105371797,2,0,Aotus nancymaae,Aotus,,Aotidae,Primates,28,163,57.2
458,GDRGESGPAGPPGAPGAPGAPGPVGPAGK,873,901,1,2499.1828105371796,4,0,Aotus nancymaae,Aotus,,Aotidae,Primates,28,163,45.33
459,GDRGESGPAGPPGAPGAPGAPGPVGPAGK,873,901,1,2483.1886605371797,3,0,Aotus nancymaae,Aotus,,Aotidae,Primates,28,163,44.88
460,GDRGESGPAGPPGAPGAPGAPGPVGPAGK,873,901,1,2451.2003605371797,1,0,Aotus nancymaae,Aotus,,Aotidae,Primates,28,163,39.83
461,GDRGESGPAGPPGAPGAPGAPGPVGPAGK,873,901,1,2435.2062105371797,0,0,Aotus nancymaae,Aotus,,Aotidae,Primates,28,163,32.29
462,GDRGESGPAGPPGAPGAPGAPGPVGPAGK,873,901,1,2515.1769605371796,5,0,Aotus nancymaae,Aotus,,Aotidae,Primates,28,163,21.89
463,DGSPGPKGDR,866,875,1,1017.45804849941,2,0,Aotus nancymaae,Aotus,,Aotidae,Primates,9,161,47.79
464,DGSPGPKGDR,866,875,1,1001.46389849941,1,0,Aotus nancymaae,Aotus,,Aotidae,Primates,9,161,40.61
465,DGSPGPKGDR,866,875,1,985.46974849941,0,0,Aotus nancymaae,Aotus,,Aotidae,Primates,9,161,29.67
466,EGAPGAEGSPGRDGSPGPK,854,872,1,1770.78661648462,3,0,Aotus nancymaae,Aotus,,Aotidae,Primates,18,159,61.67
467,EGAPGAEGSPGRDGSPGPK,854,872,1,1754.79246648462,2,0,Aotus nancymaae,Aotus,,Aotidae,Primates,18,159,51.54
468,EGAPGAEGSPGRDGSPGPK,854,872,1,1738.79831648462,1,0,Aotus nancymaae,Aotus,,Aotidae,Primates,18,159,14.11
469,EGAPGAEGSPGR,854,865,0,1100.49592690368,1,0,Aotus nancymaae,Aotus,,Aotidae,Primates,11,158,67.54
470,EGAPGAEGSPGR,854,865,0,1116.49007690368,2,0,Aotus nancymaae,Aotus,,Aotidae,Primates,11,158,60.88
471,EGAPGAEGSPGR,854,865,0,1084.50177690368,0,0,Aotus nancymaae,Aotus,,Aotidae,Primates,11,158,23.1
472,GPPGPMGPPGLAGPPGESGREGAPGAEGSPGR,834,865,1,2930.3295150802896,5,0,Aotus nancymaae,Aotus,,Aotidae,Primates,31,157,24.08
473,GPPGPMGPPGLAGPPGESGREGAPGAEGSPGR,834,865,1,2946.3236650802896,6,0,Aotus nancymaae,Aotus,,Aotidae,Primates,31,157,5.15
474,GPPGPMGPPGLAGPPGESGREGAPGAEGSPGR,834,865,1,2898.3412150802897,3,0,Aotus nancymaae,Aotus,,Aotidae,Primates,31,157,0.94
475,GPPGPMGPPGLAGPPGESGR,834,853,0,1832.85727932708,3,0,Aotus nancymaae,Aotus,,Aotidae,Primates,19,156,97.64
476,GPPGPMGPPGLAGPPGESGR,834,853,0,1784.87482932708,0,0,Aotus nancymaae,Aotus,,Aotidae,Primates,19,156,84.71
477,GPPGPMGPPGLAGPPGESGR,834,853,0,1800.86897932708,1,0,Aotus nancymaae,Aotus,,Aotidae,Primates,19,156,83.81
478,GPPGPMGPPGLAGPPGESGR,834,853,0,1816.86312932708,2,0,Aotus nancymaae,Aotus,,Aotidae,Primates,19,156,79.01
479,GPPGPMGPPGLAGPPGESGR,834,853,0,1864.84557932708,5,0,Aotus nancymaae,Aotus,,Aotidae,Primates,19,156,66.68
480,GPPGPMGPPGLAGPPGESGR,834,853,0,1848.85142932708,4,0,Aotus nancymaae,Aotus,,Aotidae,Primates,19,156,65.51
481,QGPSGSSGERGPPGPMGPPGLAGPPGESGR,824,853,1,2759.2786511673,2,0,Aotus nancymaae,Aotus,,Aotidae,Primates,29,154,46.66
482,QGPSGSSGERGPPGPMGPPGLAGPPGESGR,824,853,1,2775.2728011673,3,0,Aotus nancymaae,Aotus,,Aotidae,Primates,29,154,46.09
483,QGPSGSSGERGPPGPMGPPGLAGPPGESGR,824,853,1,2760.2626671672997,2,1,Aotus nancymaae,Aotus,,Aotidae,Primates,29,154,44.36
484,QGPSGSSGERGPPGPMGPPGLAGPPGESGR,824,853,1,2791.2669511673,4,0,Aotus nancymaae,Aotus,,Aotidae,Primates,29,154,27.18
485,QGPSGSSGERGPPGPMGPPGLAGPPGESGR,824,853,1,2727.2903511673,0,0,Aotus nancymaae,Aotus,,Aotidae,Primates,29,154,21.92
486,QGPSGSSGERGPPGPMGPPGLAGPPGESGR,824,853,1,2807.2611011673,5,0,Aotus nancymaae,Aotus,,Aotidae,Primates,29,154,20.69
487,QGPSGSSGERGPPGPMGPPGLAGPPGESGR,824,853,1,2743.2845011673,1,0,Aotus nancymaae,Aotus,,Aotidae,Primates,29,154,16.54
488,QGPSGSSGERGPPGPMGPPGLAGPPGESGR,824,853,1,2728.2743671672997,0,1,Aotus nancymaae,Aotus,,Aotidae,Primates,29,154,13.78
489,QGPSGSSGERGPPGPMGPPGLAGPPGESGR,824,853,1,2808.2451171672997,5,1,Aotus nancymaae,Aotus,,Aotidae,Primates,29,154,4.49
490,QGPSGSSGER,824,833,0,961.43336299069,0,0,Aotus nancymaae,Aotus,,Aotidae,Primates,9,153,49.38
491,QGPSGSSGER,824,833,0,962.41737899069,0,1,Aotus nancymaae,Aotus,,Aotidae,Primates,9,153,13.67
492,GFPGLPGPSGEPGKQGPSGSSGER,810,833,1,2271.0620993853,2,0,Aotus nancymaae,Aotus,,Aotidae,Primates,23,152,52.15
493,GFPGLPGPSGEPGKQGPSGSSGER,810,833,1,2287.0562493853,3,0,Aotus nancymaae,Aotus,,Aotidae,Primates,23,152,43.63
494,GFPGLPGPSGEPGKQGPSGSSGER,810,833,1,2256.0519653853,1,1,Aotus nancymaae,Aotus,,Aotidae,Primates,23,152,15.92
495,GFPGLPGPSGEPGKQGPSGSSGER,810,833,1,2272.0461153853,2,1,Aotus nancymaae,Aotus,,Aotidae,Primates,23,152,12.68
496,GFPGLPGPSGEPGKQGPSGSSGER,810,833,1,2288.0402653853,3,1,Aotus nancymaae,Aotus,,Aotidae,Primates,23,152,4.58
497,GFPGLPGPSGEPGK,810,823,0,1328.64657754508,2,0,Aotus nancymaae,Aotus,,Aotidae,Primates,13,151,70.99
498,GFPGLPGPSGEPGK,810,823,0,1344.64072754508,3,0,Aotus nancymaae,Aotus,,Aotidae,Primates,13,151,67.95
499,GFPGLPGPSGEPGK,810,823,0,1312.65242754508,1,0,Aotus nancymaae,Aotus,,Aotidae,Primates,13,151,64.84
500,GFPGLPGPSGEPGK,810,823,0,1296.65827754508,0,0,Aotus nancymaae,Aotus,,Aotidae,Primates,13,151,33.81
501,GFPGLPGPSGEPGK,810,823,0,1360.63487754508,4,0,Aotus nancymaae,Aotus,,Aotidae,Primates,13,151,17.46
502,GERGFPGLPGPSGEPGK,807,823,1,1670.81174537722,2,0,Aotus nancymaae,Aotus,,Aotidae,Primates,16,150,24.96
503,GERGFPGLPGPSGEPGK,807,823,1,1686.80589537722,3,0,Aotus nancymaae,Aotus,,Aotidae,Primates,16,150,16.13
504,GERGFPGLPGPSGEPGK,807,823,1,1654.81759537722,1,0,Aotus nancymaae,Aotus,,Aotidae,Primates,16,150,11.64
505,GVVGLPGQRGER,798,809,1,1240.67489432516,1,0,Aotus nancymaae,Aotus,,Aotidae,Primates,11,149,35.68
506,GVVGLPGQRGER,798,809,1,1241.6589103251602,1,1,Aotus nancymaae,Aotus,,Aotidae,Primates,11,149,27.08
507,GVVGLPGQR,798,806,0,898.5097264930199,1,0,Aotus nancymaae,Aotus,,Aotidae,Primates,8,148,53.81
508,GVVGLPGQR,798,806,0,899.4937424930199,1,1,Aotus nancymaae,Aotus,,Aotidae,Primates,8,148,46.98
509,GVVGLPGQR,798,806,0,882.5155764930199,0,0,Aotus nancymaae,Aotus,,Aotidae,Primates,8,148,39.57
510,GVVGLPGQR,798,806,0,883.4995924930199,0,1,Aotus nancymaae,Aotus,,Aotidae,Primates,8,148,27.73
511,GSPGADGPAGAPGTPGPQGIAGQRGVVGLPGQR,774,806,1,2986.45902254847,3,2,Aotus nancymaae,Aotus,,Aotidae,Primates,32,147,12.06
512,GSPGADGPAGAPGTPGPQGIAGQRGVVGLPGQR,774,806,1,3000.4851405484696,4,0,Aotus nancymaae,Aotus,,Aotidae,Primates,32,147,6.9
513,GSPGADGPAGAPGTPGPQGIAGQR,774,797,0,2104.99910520592,2,0,Aotus nancymaae,Aotus,,Aotidae,Primates,23,146,95.12
514,GSPGADGPAGAPGTPGPQGIAGQR,774,797,0,2120.99325520592,3,0,Aotus nancymaae,Aotus,,Aotidae,Primates,23,146,89.45
515,GSPGADGPAGAPGTPGPQGIAGQR,774,797,0,2089.98897120592,1,1,Aotus nancymaae,Aotus,,Aotidae,Primates,23,146,78.52
516,GSPGADGPAGAPGTPGPQGIAGQR,774,797,0,2089.00495520592,1,0,Aotus nancymaae,Aotus,,Aotidae,Primates,23,146,69.4
517,GSPGADGPAGAPGTPGPQGIAGQR,774,797,0,2121.97727120592,3,1,Aotus nancymaae,Aotus,,Aotidae,Primates,23,146,54.89
518,GSPGADGPAGAPGTPGPQGIAGQR,774,797,0,2073.99482120592,0,1,Aotus nancymaae,Aotus,,Aotidae,Primates,23,146,52.96
519,GSPGADGPAGAPGTPGPQGIAGQR,774,797,0,2122.96128720592,3,2,Aotus nancymaae,Aotus,,Aotidae,Primates,23,146,52.79
520,GSPGADGPAGAPGTPGPQGIAGQR,774,797,0,2090.97298720592,1,2,Aotus nancymaae,Aotus,,Aotidae,Primates,23,146,40.19
521,GSPGADGPAGAPGTPGPQGIAGQR,774,797,0,2106.96713720592,2,2,Aotus nancymaae,Aotus,,Aotidae,Primates,23,146,39.74
522,GSPGADGPAGAPGTPGPQGIAGQR,774,797,0,2073.01080520592,0,0,Aotus nancymaae,Aotus,,Aotidae,Primates,23,146,38.8
523,GSPGADGPAGAPGTPGPQGIAGQR,774,797,0,2105.98312120592,2,1,Aotus nancymaae,Aotus,,Aotidae,Primates,23,146,34.37
524,GSPGADGPAGAPGTPGPQGIAGQR,774,797,0,2154.94958720592,5,2,Aotus nancymaae,Aotus,,Aotidae,Primates,23,146,4.18
525,GETGPAGRPGEVGPPGPPGPAGEK,750,773,0,2232.0496711093097,4,0,Aotus nancymaae,Aotus,,Aotidae,Primates,23,143,48.46
526,GETGPAGRPGEVGPPGPPGPAGEK,750,773,0,2216.0555211093097,3,0,Aotus nancymaae,Aotus,,Aotidae,Primates,23,143,46.48
527,GETGPAGRPGEVGPPGPPGPAGEK,750,773,0,2200.0613711093097,2,0,Aotus nancymaae,Aotus,,Aotidae,Primates,23,143,44.97
528,GETGPAGRPGEVGPPGPPGPAGEK,750,773,0,2248.0438211093096,5,0,Aotus nancymaae,Aotus,,Aotidae,Primates,23,143,2.86
529,GETGPAGRPGEVGPPGPPGPAGEK,750,773,0,2280.0321211093096,7,0,Aotus nancymaae,Aotus,,Aotidae,Primates,23,143,0.49
530,VGPPGPSGNAGPPGPPGPAGKEGGK,722,746,1,2184.0656918701898,3,0,Aotus nancymaae,Aotus,,Aotidae,Primates,24,138,14.13
531,VGPPGPSGNAGPPGPPGPAGKEGGK,722,746,1,2232.0481418701897,6,0,Aotus nancymaae,Aotus,,Aotidae,Primates,24,138,1.56
532,VGPPGPSGNAGPPGPPGPAGKEGGK,722,746,1,2200.0598418701898,4,0,Aotus nancymaae,Aotus,,Aotidae,Primates,24,138,0.76
533,VGPPGPSGNAGPPGPPGPAGK,722,742,0,1812.88520832708,3,0,Aotus nancymaae,Aotus,,Aotidae,Primates,20,137,60.93
534,VGPPGPSGNAGPPGPPGPAGK,722,742,0,1828.87935832708,4,0,Aotus nancymaae,Aotus,,Aotidae,Primates,20,137,46.64
535,VGPPGPSGNAGPPGPPGPAGK,722,742,0,1796.89105832708,2,0,Aotus nancymaae,Aotus,,Aotidae,Primates,20,137,46.04
536,VGPPGPSGNAGPPGPPGPAGK,722,742,0,1813.86922432708,3,1,Aotus nancymaae,Aotus,,Aotidae,Primates,20,137,45.41
537,VGPPGPSGNAGPPGPPGPAGK,722,742,0,1829.86337432708,4,1,Aotus nancymaae,Aotus,,Aotidae,Primates,20,137,36.95
538,VGPPGPSGNAGPPGPPGPAGK,722,742,0,1844.87350832708,5,0,Aotus nancymaae,Aotus,,Aotidae,Primates,20,137,13.76
539,VGPPGPSGNAGPPGPPGPAGK,722,742,0,1877.84582432708,7,1,Aotus nancymaae,Aotus,,Aotidae,Primates,20,137,8.16
540,VGPPGPSGNAGPPGPPGPAGK,722,742,0,1797.8750743270805,2,1,Aotus nancymaae,Aotus,,Aotidae,Primates,20,137,7.61
541,VGPPGPSGNAGPPGPPGPAGK,722,742,0,1845.85752432708,5,1,Aotus nancymaae,Aotus,,Aotidae,Primates,20,137,6.56
542,VGPPGPSGNAGPPGPPGPAGK,722,742,0,1861.85167432708,6,1,Aotus nancymaae,Aotus,,Aotidae,Primates,20,137,6.06
543,GSAGPPGATGFPGAAGRVGPPGPSGNAGPPGPPGPAGK,705,742,1,3253.5582691451596,5,0,Aotus nancymaae,Aotus,,Aotidae,Primates,37,136,17.89
544,GSAGPPGATGFPGAAGRVGPPGPSGNAGPPGPPGPAGK,705,742,1,3254.542285145159,5,1,Aotus nancymaae,Aotus,,Aotidae,Primates,37,136,10.08
545,GSAGPPGATGFPGAAGR,705,721,0,1459.69090196855,2,0,Aotus nancymaae,Aotus,,Aotidae,Primates,16,135,114.73
546,GSAGPPGATGFPGAAGR,705,721,0,1475.68505196855,3,0,Aotus nancymaae,Aotus,,Aotidae,Primates,16,135,51.21
547,GSAGPPGATGFPGAAGR,705,721,0,1443.69675196855,1,0,Aotus nancymaae,Aotus,,Aotidae,Primates,16,135,8.49
548,GARGSAGPPGATGFPGAAGR,702,721,1,1743.85059049743,2,0,Aotus nancymaae,Aotus,,Aotidae,Primates,19,133,66.56
549,GARGSAGPPGATGFPGAAGR,702,721,1,1759.84474049743,3,0,Aotus nancymaae,Aotus,,Aotidae,Primates,19,133,8.68
550,GDAGPPGPAGAAGPPGPIGNVGAPGPKGAR,675,704,1,2581.27229424792,4,0,Aotus nancymaae,Aotus,,Aotidae,Primates,29,132,45.02
551,GDAGPPGPAGAAGPPGPIGNVGAPGPKGAR,675,704,1,2597.26644424792,5,0,Aotus nancymaae,Aotus,,Aotidae,Primates,29,132,25.62
552,GDAGPPGPAGAAGPPGPIGNVGAPGPKGAR,675,704,1,2565.27814424792,3,0,Aotus nancymaae,Aotus,,Aotidae,Primates,29,132,17.95
553,GDAGPPGPAGAAGPPGPIGNVGAPGPKGAR,675,704,1,2582.25631024792,4,1,Aotus nancymaae,Aotus,,Aotidae,Primates,29,132,7.39
554,GDAGPPGPAGAAGPPGPIGNVGAPGPK,675,701,0,2249.13015571904,1,0,Aotus nancymaae,Aotus,,Aotidae,Primates,26,131,88.97
555,GDAGPPGPAGAAGPPGPIGNVGAPGPK,675,701,0,2265.12430571904,2,0,Aotus nancymaae,Aotus,,Aotidae,Primates,26,131,88.02
556,GDAGPPGPAGAAGPPGPIGNVGAPGPK,675,701,0,2266.10832171904,2,1,Aotus nancymaae,Aotus,,Aotidae,Primates,26,131,61.27
557,GDAGPPGPAGAAGPPGPIGNVGAPGPK,675,701,0,2281.11845571904,3,0,Aotus nancymaae,Aotus,,Aotidae,Primates,26,131,59.3
558,GDAGPPGPAGAAGPPGPIGNVGAPGPK,675,701,0,2297.11260571904,4,0,Aotus nancymaae,Aotus,,Aotidae,Primates,26,131,53.92
559,GDAGPPGPAGAAGPPGPIGNVGAPGPK,675,701,0,2298.09662171904,4,1,Aotus nancymaae,Aotus,,Aotidae,Primates,26,131,36.46
560,GDAGPPGPAGAAGPPGPIGNVGAPGPK,675,701,0,2282.10247171904,3,1,Aotus nancymaae,Aotus,,Aotidae,Primates,26,131,33.38
561,GDAGPPGPAGAAGPPGPIGNVGAPGPK,675,701,0,2233.13600571904,0,0,Aotus nancymaae,Aotus,,Aotidae,Primates,26,131,21.58
562,GDAGPPGPAGAAGPPGPIGNVGAPGPK,675,701,0,2330.08492171904,6,1,Aotus nancymaae,Aotus,,Aotidae,Primates,26,131,0.45
563,GEPGDAGAKGDAGPPGPAGAAGPPGPIGNVGAPGPK,666,701,1,3111.4567874248196,6,0,Aotus nancymaae,Aotus,,Aotidae,Primates,35,129,55.63
564,GEPGDAGAKGDAGPPGPAGAAGPPGPIGNVGAPGPK,666,701,1,3095.4626374248196,5,0,Aotus nancymaae,Aotus,,Aotidae,Primates,35,129,50.18
565,GEPGDAGAKGDAGPPGPAGAAGPPGPIGNVGAPGPK,666,701,1,3047.4801874248196,2,0,Aotus nancymaae,Aotus,,Aotidae,Primates,35,129,47.77
566,GEPGDAGAKGDAGPPGPAGAAGPPGPIGNVGAPGPK,666,701,1,3080.4525034248195,4,1,Aotus nancymaae,Aotus,,Aotidae,Primates,35,129,43.09
567,GEPGDAGAKGDAGPPGPAGAAGPPGPIGNVGAPGPK,666,701,1,3063.4743374248196,3,0,Aotus nancymaae,Aotus,,Aotidae,Primates,35,129,42.38
568,GEPGDAGAKGDAGPPGPAGAAGPPGPIGNVGAPGPK,666,701,1,3112.4408034248195,6,1,Aotus nancymaae,Aotus,,Aotidae,Primates,35,129,34.12
569,GEPGDAGAKGDAGPPGPAGAAGPPGPIGNVGAPGPK,666,701,1,3079.4684874248196,4,0,Aotus nancymaae,Aotus,,Aotidae,Primates,35,129,29.3
570,GEPGDAGAKGDAGPPGPAGAAGPPGPIGNVGAPGPK,666,701,1,3096.4466534248195,5,1,Aotus nancymaae,Aotus,,Aotidae,Primates,35,129,0.86
571,GEPGDAGAKGDAGPPGPAGAAGPPGPIGNVGAPGPK,666,701,1,3064.4583534248195,3,1,Aotus nancymaae,Aotus,,Aotidae,Primates,35,129,0.58
572,GEPGDAGAK,666,674,0,817.36787285625,1,0,Aotus nancymaae,Aotus,,Aotidae,Primates,8,128,6.61
573,GEPGPPGPAGFAGPPGADGQPGAKGEPGDAGAK,642,674,1,2948.3254752456696,5,0,Aotus nancymaae,Aotus,,Aotidae,Primates,32,127,28.68
574,GEPGPPGPAGFAGPPGADGQPGAKGEPGDAGAK,642,674,1,2932.3313252456696,4,0,Aotus nancymaae,Aotus,,Aotidae,Primates,32,127,17.65
575,GEPGPPGPAGFAGPPGADGQPGAKGEPGDAGAK,642,674,1,2933.3153412456695,4,1,Aotus nancymaae,Aotus,,Aotidae,Primates,32,127,16.91
576,GEPGPPGPAGFAGPPGADGQPGAKGEPGDAGAK,642,674,1,2916.3371752456696,3,0,Aotus nancymaae,Aotus,,Aotidae,Primates,32,127,12.51
577,GEPGPPGPAGFAGPPGADGQPGAKGEPGDAGAK,642,674,1,2964.3196252456696,6,0,Aotus nancymaae,Aotus,,Aotidae,Primates,32,127,12.0
578,GEPGPPGPAGFAGPPGADGQPGAKGEPGDAGAK,642,674,1,2917.3211912456695,3,1,Aotus nancymaae,Aotus,,Aotidae,Primates,32,127,11.82
579,GEPGPPGPAGFAGPPGADGQPGAKGEPGDAGAK,642,674,1,2965.3036412456695,6,1,Aotus nancymaae,Aotus,,Aotidae,Primates,32,127,9.35
580,GEPGPPGPAGFAGPPGADGQPGAKGEPGDAGAK,642,674,1,2900.3430252456697,2,0,Aotus nancymaae,Aotus,,Aotidae,Primates,32,127,0.1
581,GEPGPPGPAGFAGPPGADGQPGAK,642,665,0,2117.9871435398895,2,0,Aotus nancymaae,Aotus,,Aotidae,Primates,23,126,81.15
582,GEPGPPGPAGFAGPPGADGQPGAK,642,665,0,2149.9754435398895,4,0,Aotus nancymaae,Aotus,,Aotidae,Primates,23,126,78.2
583,GEPGPPGPAGFAGPPGADGQPGAK,642,665,0,2133.9812935398895,3,0,Aotus nancymaae,Aotus,,Aotidae,Primates,23,126,67.7
584,GEPGPPGPAGFAGPPGADGQPGAK,642,665,0,2118.9711595398894,2,1,Aotus nancymaae,Aotus,,Aotidae,Primates,23,126,47.73
585,GEPGPPGPAGFAGPPGADGQPGAK,642,665,0,2150.9594595398894,4,1,Aotus nancymaae,Aotus,,Aotidae,Primates,23,126,47.65
586,GEPGPPGPAGFAGPPGADGQPGAK,642,665,0,2134.9653095398894,3,1,Aotus nancymaae,Aotus,,Aotidae,Primates,23,126,36.73
587,GEPGPPGPAGFAGPPGADGQPGAK,642,665,0,2165.9695935398895,5,0,Aotus nancymaae,Aotus,,Aotidae,Primates,23,126,36.37
588,GEPGPPGPAGFAGPPGADGQPGAK,642,665,0,2101.9929935398895,1,0,Aotus nancymaae,Aotus,,Aotidae,Primates,23,126,16.58
589,GEPGPPGPAGFAGPPGADGQPGAK,642,665,0,2086.9828595398894,0,1,Aotus nancymaae,Aotus,,Aotidae,Primates,23,126,1.95
590,GAPGDRGEPGPPGPAGFAGPPGADGQPGAK,636,665,1,2719.2304526620196,5,0,Aotus nancymaae,Aotus,,Aotidae,Primates,29,124,46.3
591,GAPGDRGEPGPPGPAGFAGPPGADGQPGAK,636,665,1,2703.2363026620196,4,0,Aotus nancymaae,Aotus,,Aotidae,Primates,29,124,44.71
592,GAPGDRGEPGPPGPAGFAGPPGADGQPGAK,636,665,1,2720.2144686620195,5,1,Aotus nancymaae,Aotus,,Aotidae,Primates,29,124,35.27
593,GAPGDRGEPGPPGPAGFAGPPGADGQPGAK,636,665,1,2687.2421526620196,3,0,Aotus nancymaae,Aotus,,Aotidae,Primates,29,124,35.06
594,GAPGDRGEPGPPGPAGFAGPPGADGQPGAK,636,665,1,2704.2203186620195,4,1,Aotus nancymaae,Aotus,,Aotidae,Primates,29,124,31.09
595,GAPGDRGEPGPPGPAGFAGPPGADGQPGAK,636,665,1,2671.2480026620196,2,0,Aotus nancymaae,Aotus,,Aotidae,Primates,29,124,28.27
596,GAPGDRGEPGPPGPAGFAGPPGADGQPGAK,636,665,1,2688.2261686620195,3,1,Aotus nancymaae,Aotus,,Aotidae,Primates,29,124,21.74
597,GAPGDRGEPGPPGPAGFAGPPGADGQPGAK,636,665,1,2735.2246026620196,6,0,Aotus nancymaae,Aotus,,Aotidae,Primates,29,124,6.31
598,GAPGDRGEPGPPGPAGFAGPPGADGQPGAK,636,665,1,2752.2027686620195,7,1,Aotus nancymaae,Aotus,,Aotidae,Primates,29,124,0.77
599,GETGPSGPAGPTGAR,621,635,0,1311.62876832195,0,0,Aotus nancymaae,Aotus,,Aotidae,Primates,14,123,68.57
600,GETGPSGPAGPTGAR,621,635,0,1327.62291832195,1,0,Aotus nancymaae,Aotus,,Aotidae,Primates,14,123,2.04
601,GLTGPIGPPGPAGAPGDKGETGPSGPAGPTGAR,603,635,1,2883.4216099195396,2,0,Aotus nancymaae,Aotus,,Aotidae,Primates,32,122,55.32
602,GLTGPIGPPGPAGAPGDKGETGPSGPAGPTGAR,603,635,1,2867.4274599195396,1,0,Aotus nancymaae,Aotus,,Aotidae,Primates,32,122,52.7
603,GLTGPIGPPGPAGAPGDKGETGPSGPAGPTGAR,603,635,1,2899.4157599195396,3,0,Aotus nancymaae,Aotus,,Aotidae,Primates,32,122,39.94
604,GLTGPIGPPGPAGAPGDKGETGPSGPAGPTGAR,603,635,1,2915.4099099195396,4,0,Aotus nancymaae,Aotus,,Aotidae,Primates,32,122,23.65
605,GLTGPIGPPGPAGAPGDKGETGPSGPAGPTGAR,603,635,1,2931.4040599195396,5,0,Aotus nancymaae,Aotus,,Aotidae,Primates,32,122,6.74
606,GLTGPIGPPGPAGAPGDK,603,620,0,1574.81653274806,1,0,Aotus nancymaae,Aotus,,Aotidae,Primates,17,121,68.59
607,GLTGPIGPPGPAGAPGDK,603,620,0,1606.80483274806,3,0,Aotus nancymaae,Aotus,,Aotidae,Primates,17,121,41.73
608,GLTGPIGPPGPAGAPGDK,603,620,0,1590.81068274806,2,0,Aotus nancymaae,Aotus,,Aotidae,Primates,17,121,22.31
609,GLTGPIGPPGPAGAPGDK,603,620,0,1654.78728274806,6,0,Aotus nancymaae,Aotus,,Aotidae,Primates,17,121,0.73
610,DGVRGLTGPIGPPGPAGAPGDK,599,620,1,2034.02276442905,3,0,Aotus nancymaae,Aotus,,Aotidae,Primates,21,119,1.34
611,DGVRGLTGPIGPPGPAGAPGDK,599,620,1,2050.0169144290503,4,0,Aotus nancymaae,Aotus,,Aotidae,Primates,21,119,0.36
612,GADGSPGKDGVR,591,602,1,1131.53812606883,1,0,Aotus nancymaae,Aotus,,Aotidae,Primates,11,118,58.72
613,GADGSPGKDGVR,591,602,1,1115.54397606883,0,0,Aotus nancymaae,Aotus,,Aotidae,Primates,11,118,42.78
614,GADGSPGKDGVR,591,602,1,1147.53227606883,2,0,Aotus nancymaae,Aotus,,Aotidae,Primates,11,118,4.47
615,GDAGPKGADGSPGK,585,598,1,1229.57490550037,1,0,Aotus nancymaae,Aotus,,Aotidae,Primates,13,115,3.24
616,GDRGDAGPK,582,590,1,872.422070031,0,0,Aotus nancymaae,Aotus,,Aotidae,Primates,8,113,30.48
617,GAAGLPGPKGDR,573,584,1,1111.58468233843,1,0,Aotus nancymaae,Aotus,,Aotidae,Primates,11,111,52.52
618,GAAGLPGPKGDR,573,584,1,1127.57883233843,2,0,Aotus nancymaae,Aotus,,Aotidae,Primates,11,111,50.92
619,GAAGLPGPKGDR,573,584,1,1143.57298233843,3,0,Aotus nancymaae,Aotus,,Aotidae,Primates,11,111,5.94
620,GDAGAPGAPGSQGAPGLQGMPGERGAAGLPGPK,549,581,1,2932.38308030958,3,1,Aotus nancymaae,Aotus,,Aotidae,Primates,32,109,1.71
621,GDAGAPGAPGSQGAPGLQGMPGERGAAGLPGPK,549,581,1,2964.37138030958,5,1,Aotus nancymaae,Aotus,,Aotidae,Primates,32,109,0.43
622,GDAGAPGAPGSQGAPGLQGMPGER,549,572,0,2198.9700408896197,4,0,Aotus nancymaae,Aotus,,Aotidae,Primates,23,107,82.98
623,GDAGAPGAPGSQGAPGLQGMPGER,549,572,0,2199.9540568896196,4,1,Aotus nancymaae,Aotus,,Aotidae,Primates,23,107,79.03
624,GDAGAPGAPGSQGAPGLQGMPGER,549,572,0,2214.9641908896197,5,0,Aotus nancymaae,Aotus,,Aotidae,Primates,23,107,62.11
625,GDAGAPGAPGSQGAPGLQGMPGER,549,572,0,2215.9482068896195,5,1,Aotus nancymaae,Aotus,,Aotidae,Primates,23,107,50.89
626,GDAGAPGAPGSQGAPGLQGMPGER,549,572,0,2200.93807288962,4,2,Aotus nancymaae,Aotus,,Aotidae,Primates,23,107,42.84
627,GDAGAPGAPGSQGAPGLQGMPGER,549,572,0,2216.93222288962,5,2,Aotus nancymaae,Aotus,,Aotidae,Primates,23,107,4.39
628,GANGAPGNDGAKGDAGAPGAPGSQGAPGLQGMPGER,537,572,1,3225.4059278949894,5,1,Aotus nancymaae,Aotus,,Aotidae,Primates,35,105,50.88
629,GANGAPGNDGAKGDAGAPGAPGSQGAPGLQGMPGER,537,572,1,3257.3942278949894,7,1,Aotus nancymaae,Aotus,,Aotidae,Primates,35,105,50.15
630,GANGAPGNDGAKGDAGAPGAPGSQGAPGLQGMPGER,537,572,1,3224.4219118949895,5,0,Aotus nancymaae,Aotus,,Aotidae,Primates,35,105,46.15
631,GANGAPGNDGAKGDAGAPGAPGSQGAPGLQGMPGER,537,572,1,3242.3840938949897,6,2,Aotus nancymaae,Aotus,,Aotidae,Primates,35,105,44.36
632,GANGAPGNDGAKGDAGAPGAPGSQGAPGLQGMPGER,537,572,1,3256.4102118949895,7,0,Aotus nancymaae,Aotus,,Aotidae,Primates,35,105,40.2
633,GANGAPGNDGAKGDAGAPGAPGSQGAPGLQGMPGER,537,572,1,3240.4160618949895,6,0,Aotus nancymaae,Aotus,,Aotidae,Primates,35,105,35.16
634,GANGAPGNDGAKGDAGAPGAPGSQGAPGLQGMPGER,537,572,1,3241.4000778949894,6,1,Aotus nancymaae,Aotus,,Aotidae,Primates,35,105,34.71
635,GANGAPGNDGAKGDAGAPGAPGSQGAPGLQGMPGER,537,572,1,3258.3782438949897,7,2,Aotus nancymaae,Aotus,,Aotidae,Primates,35,105,34.12
636,GANGAPGNDGAKGDAGAPGAPGSQGAPGLQGMPGER,537,572,1,3243.3681098949896,6,3,Aotus nancymaae,Aotus,,Aotidae,Primates,35,105,17.01
637,GANGAPGNDGAKGDAGAPGAPGSQGAPGLQGMPGER,537,572,1,3227.3739598949896,5,3,Aotus nancymaae,Aotus,,Aotidae,Primates,35,105,7.41
638,GANGAPGNDGAKGDAGAPGAPGSQGAPGLQGMPGER,537,572,1,3176.4394618949896,2,0,Aotus nancymaae,Aotus,,Aotidae,Primates,35,105,3.64
639,GANGAPGNDGAKGDAGAPGAPGSQGAPGLQGMPGER,537,572,1,3208.4277618949895,4,0,Aotus nancymaae,Aotus,,Aotidae,Primates,35,105,0.29
640,GANGAPGNDGAK,537,548,0,1044.46971215584,1,0,Aotus nancymaae,Aotus,,Aotidae,Primates,11,104,29.77
641,GANGAPGNDGAK,537,548,0,1029.45957815584,0,1,Aotus nancymaae,Aotus,,Aotidae,Primates,11,104,28.26
642,GANGAPGNDGAK,537,548,0,1045.45372815584,1,1,Aotus nancymaae,Aotus,,Aotidae,Primates,11,104,25.15
643,GVQGPPGPAGPRGANGAPGNDGAK,525,548,1,2131.0259886601,2,0,Aotus nancymaae,Aotus,,Aotidae,Primates,23,103,23.53
644,GVQGPPGPAGPRGANGAPGNDGAK,525,548,1,2132.0100046600996,2,1,Aotus nancymaae,Aotus,,Aotidae,Primates,23,103,17.5
645,GVQGPPGPAGPRGANGAPGNDGAK,525,548,1,2180.9764706601,5,2,Aotus nancymaae,Aotus,,Aotidae,Primates,23,103,2.88
646,GVQGPPGPAGPR,525,536,0,1105.57411765473,1,0,Aotus nancymaae,Aotus,,Aotidae,Primates,11,102,64.18
647,GVQGPPGPAGPR,525,536,0,1106.5581336547302,1,1,Aotus nancymaae,Aotus,,Aotidae,Primates,11,102,56.8
648,GVQGPPGPAGPR,525,536,0,1089.57996765473,0,0,Aotus nancymaae,Aotus,,Aotidae,Primates,11,102,50.62
649,GVQGPPGPAGPR,525,536,0,1122.5522836547302,2,1,Aotus nancymaae,Aotus,,Aotidae,Primates,11,102,32.27
650,GVQGPPGPAGPR,525,536,0,1121.56826765473,2,0,Aotus nancymaae,Aotus,,Aotidae,Primates,11,102,24.48
651,GVQGPPGPAGPR,525,536,0,1090.5639836547302,0,1,Aotus nancymaae,Aotus,,Aotidae,Primates,11,102,20.78
652,GVQGPPGPAGPR,525,536,0,1138.5464336547302,3,1,Aotus nancymaae,Aotus,,Aotidae,Primates,11,102,18.6
653,GVQGPPGPAGPR,525,536,0,1137.56241765473,3,0,Aotus nancymaae,Aotus,,Aotidae,Primates,11,102,13.07
654,GVQGPPGPAGPR,525,536,0,1154.5405836547302,4,1,Aotus nancymaae,Aotus,,Aotidae,Primates,11,102,2.35
655,GFPGERGVQGPPGPAGPR,519,536,1,1765.86009296928,2,1,Aotus nancymaae,Aotus,,Aotidae,Primates,17,100,40.67
656,GFPGERGVQGPPGPAGPR,519,536,1,1764.87607696928,2,0,Aotus nancymaae,Aotus,,Aotidae,Primates,17,100,28.1
657,GFPGERGVQGPPGPAGPR,519,536,1,1812.85852696928,5,0,Aotus nancymaae,Aotus,,Aotidae,Primates,17,100,0.43
658,GERGFPGER,516,524,1,1020.4849682971598,1,0,Aotus nancymaae,Aotus,,Aotidae,Primates,8,99,43.66
659,DGEAGAQGAPGPAGPAGER,452,470,0,1680.75645167264,1,0,Aotus nancymaae,Aotus,,Aotidae,Primates,18,93,95.44
660,DGEAGAQGAPGPAGPAGER,452,470,0,1664.76230167264,0,0,Aotus nancymaae,Aotus,,Aotidae,Primates,18,93,88.77
661,DGEAGAQGAPGPAGPAGER,452,470,0,1665.74631767264,0,1,Aotus nancymaae,Aotus,,Aotidae,Primates,18,93,78.12
662,DGEAGAQGAPGPAGPAGER,452,470,0,1681.74046767264,1,1,Aotus nancymaae,Aotus,,Aotidae,Primates,18,93,77.15
663,DGEAGAQGAPGPAGPAGER,452,470,0,1696.75060167264,2,0,Aotus nancymaae,Aotus,,Aotidae,Primates,18,93,10.66
664,DGEAGAQGAPGPAGPAGER,452,470,0,1697.73461767264,2,1,Aotus nancymaae,Aotus,,Aotidae,Primates,18,93,3.02
665,GVPGPPGAVGPAGKDGEAGAQGAPGPAGPAGER,438,470,1,2822.3808440802895,1,0,Aotus nancymaae,Aotus,,Aotidae,Primates,32,92,37.65
666,GVPGPPGAVGPAGKDGEAGAQGAPGPAGPAGER,438,470,1,2854.3691440802895,3,0,Aotus nancymaae,Aotus,,Aotidae,Primates,32,92,35.83
667,GVPGPPGAVGPAGKDGEAGAQGAPGPAGPAGER,438,470,1,2838.3749940802895,2,0,Aotus nancymaae,Aotus,,Aotidae,Primates,32,92,32.41
668,GVPGPPGAVGPAGKDGEAGAQGAPGPAGPAGER,438,470,1,2855.3531600802894,3,1,Aotus nancymaae,Aotus,,Aotidae,Primates,32,92,24.18
669,GVPGPPGAVGPAGKDGEAGAQGAPGPAGPAGER,438,470,1,2903.33561008029,6,1,Aotus nancymaae,Aotus,,Aotidae,Primates,32,92,5.85
670,GVPGPPGAVGPAGK,438,451,0,1192.63053355812,2,0,Aotus nancymaae,Aotus,,Aotidae,Primates,13,91,64.49
671,GVPGPPGAVGPAGK,438,451,0,1176.63638355812,1,0,Aotus nancymaae,Aotus,,Aotidae,Primates,13,91,43.51
672,GVPGPPGAVGPAGK,438,451,0,1160.64223355812,0,0,Aotus nancymaae,Aotus,,Aotidae,Primates,13,91,38.14
673,GVPGPPGAVGPAGK,438,451,0,1208.62468355812,3,0,Aotus nancymaae,Aotus,,Aotidae,Primates,13,91,6.75
674,AGERGVPGPPGAVGPAGK,434,451,1,1605.83281517497,2,0,Aotus nancymaae,Aotus,,Aotidae,Primates,17,89,34.39
675,AGERGVPGPPGAVGPAGK,434,451,1,1589.83866517497,1,0,Aotus nancymaae,Aotus,,Aotidae,Primates,17,89,8.33
676,GAAGEPGKAGER,426,437,1,1099.54906144927,0,0,Aotus nancymaae,Aotus,,Aotidae,Primates,11,87,47.95
677,GAAGEPGKAGER,426,437,1,1115.5432114492698,1,0,Aotus nancymaae,Aotus,,Aotidae,Primates,11,87,37.67
678,GAAGEPGKAGER,426,437,1,1131.5373614492698,2,0,Aotus nancymaae,Aotus,,Aotidae,Primates,11,87,3.04
679,GQAGVMGFPGPKGAAGEPGK,414,433,1,1876.88272945536,4,0,Aotus nancymaae,Aotus,,Aotidae,Primates,19,84,40.01
680,GQAGVMGFPGPKGAAGEPGK,414,433,1,1860.88857945536,3,0,Aotus nancymaae,Aotus,,Aotidae,Primates,19,84,35.92
681,GQAGVMGFPGPKGAAGEPGK,414,433,1,1844.89442945536,2,0,Aotus nancymaae,Aotus,,Aotidae,Primates,19,84,32.89
682,GQAGVMGFPGPKGAAGEPGK,414,433,1,1861.87259545536,3,1,Aotus nancymaae,Aotus,,Aotidae,Primates,19,84,21.52
683,GQAGVMGFPGPKGAAGEPGK,414,433,1,1877.86674545536,4,1,Aotus nancymaae,Aotus,,Aotidae,Primates,19,84,17.8
684,GQAGVMGFPGPKGAAGEPGK,414,433,1,1845.87844545536,2,1,Aotus nancymaae,Aotus,,Aotidae,Primates,19,84,15.59
685,GQAGVMGFPGPKGAAGEPGK,414,433,1,1892.87687945536,5,0,Aotus nancymaae,Aotus,,Aotidae,Primates,19,84,4.17
686,GQAGVMGFPGPK,414,425,0,1177.56549077341,2,0,Aotus nancymaae,Aotus,,Aotidae,Primates,11,83,74.37
687,GQAGVMGFPGPK,414,425,0,1161.57134077341,1,0,Aotus nancymaae,Aotus,,Aotidae,Primates,11,83,71.65
688,GQAGVMGFPGPK,414,425,0,1178.54950677341,2,1,Aotus nancymaae,Aotus,,Aotidae,Primates,11,83,68.81
689,GQAGVMGFPGPK,414,425,0,1162.55535677341,1,1,Aotus nancymaae,Aotus,,Aotidae,Primates,11,83,64.82
690,GQAGVMGFPGPK,414,425,0,1193.55964077341,3,0,Aotus nancymaae,Aotus,,Aotidae,Primates,11,83,60.64
691,GQAGVMGFPGPK,414,425,0,1194.54365677341,3,1,Aotus nancymaae,Aotus,,Aotidae,Primates,11,83,51.35
692,GQAGVMGFPGPK,414,425,0,1145.57719077341,0,0,Aotus nancymaae,Aotus,,Aotidae,Primates,11,83,30.05
693,GQAGVMGFPGPK,414,425,0,1209.55379077341,4,0,Aotus nancymaae,Aotus,,Aotidae,Primates,11,83,18.68
694,GQAGVMGFPGPK,414,425,0,1210.53780677341,4,1,Aotus nancymaae,Aotus,,Aotidae,Primates,11,83,11.88
695,TGPPGPAGQDGRPGPPGPPGARGQAGVMGFPGPK,392,425,1,3199.5299462223397,5,0,Aotus nancymaae,Aotus,,Aotidae,Primates,33,79,3.86
696,TGPPGPAGQDGRPGPPGPPGARGQAGVMGFPGPK,392,425,1,3168.5256622223396,3,1,Aotus nancymaae,Aotus,,Aotidae,Primates,33,79,0.38
697,TGPPGPAGQDGRPGPPGPPGAR,392,413,0,2056.9764465994003,4,0,Aotus nancymaae,Aotus,,Aotidae,Primates,21,78,48.62
698,TGPPGPAGQDGRPGPPGPPGAR,392,413,0,2041.9663125994,3,1,Aotus nancymaae,Aotus,,Aotidae,Primates,21,78,40.38
699,TGPPGPAGQDGRPGPPGPPGAR,392,413,0,2057.9604625994,4,1,Aotus nancymaae,Aotus,,Aotidae,Primates,21,78,40.2
700,TGPPGPAGQDGRPGPPGPPGAR,392,413,0,2024.9881465994,2,0,Aotus nancymaae,Aotus,,Aotidae,Primates,21,78,37.31
701,TGPPGPAGQDGRPGPPGPPGAR,392,413,0,2040.9822965994,3,0,Aotus nancymaae,Aotus,,Aotidae,Primates,21,78,36.53
702,TGPPGPAGQDGRPGPPGPPGAR,392,413,0,2072.9705965994003,5,0,Aotus nancymaae,Aotus,,Aotidae,Primates,21,78,23.69
703,TGPPGPAGQDGRPGPPGPPGAR,392,413,0,2025.9721625994,2,1,Aotus nancymaae,Aotus,,Aotidae,Primates,21,78,16.32
704,TGPPGPAGQDGRPGPPGPPGAR,392,413,0,2073.9546125994,5,1,Aotus nancymaae,Aotus,,Aotidae,Primates,21,78,9.21
705,GLTGSPGSPGPDGKTGPPGPAGQDGRPGPPGPPGAR,378,413,1,3313.5262280407096,7,1,Aotus nancymaae,Aotus,,Aotidae,Primates,35,76,31.19
706,GLTGSPGSPGPDGKTGPPGPAGQDGRPGPPGPPGAR,378,413,1,3297.5320780407096,6,1,Aotus nancymaae,Aotus,,Aotidae,Primates,35,76,29.7
707,GLTGSPGSPGPDGKTGPPGPAGQDGRPGPPGPPGAR,378,413,1,3296.5480620407097,6,0,Aotus nancymaae,Aotus,,Aotidae,Primates,35,76,25.61
708,GLTGSPGSPGPDGK,378,391,0,1258.5894565917802,2,0,Aotus nancymaae,Aotus,,Aotidae,Primates,13,74,63.69
709,GLTGSPGSPGPDGK,378,391,0,1242.5953065917802,1,0,Aotus nancymaae,Aotus,,Aotidae,Primates,13,74,56.9
710,GLTGSPGSPGPDGK,378,391,0,1274.5836065917802,3,0,Aotus nancymaae,Aotus,,Aotidae,Primates,13,74,9.58
711,GSPGEAGRPGEAGLPGAKGLTGSPGSPGPDGK,360,391,1,2911.3618244108197,6,0,Aotus nancymaae,Aotus,,Aotidae,Primates,31,72,8.41
712,GSPGEAGRPGEAGLPGAK,360,377,0,1655.79605896951,3,0,Aotus nancymaae,Aotus,,Aotidae,Primates,17,71,74.94
713,GSPGEAGRPGEAGLPGAK,360,377,0,1639.80190896951,2,0,Aotus nancymaae,Aotus,,Aotidae,Primates,17,71,43.5
714,GSPGEAGRPGEAGLPGAK,360,377,0,1671.79020896951,4,0,Aotus nancymaae,Aotus,,Aotidae,Primates,17,71,14.64
715,GSPGPAGPKGSPGEAGRPGEAGLPGAK,351,377,1,2436.17114688075,5,0,Aotus nancymaae,Aotus,,Aotidae,Primates,26,69,26.57
716,GSPGPAGPKGSPGEAGRPGEAGLPGAK,351,377,1,2420.17699688075,4,0,Aotus nancymaae,Aotus,,Aotidae,Primates,26,69,13.17
717,GPAGERGSPGPAGPK,345,359,1,1350.67528824798,1,0,Aotus nancymaae,Aotus,,Aotidae,Primates,14,66,52.42
718,GPAGERGSPGPAGPK,345,359,1,1366.66943824798,2,0,Aotus nancymaae,Aotus,,Aotidae,Primates,14,66,18.8
719,GPAGERGSPGPAGPK,345,359,1,1334.68113824798,0,0,Aotus nancymaae,Aotus,,Aotidae,Primates,14,66,11.72
720,GPAGERGSPGPAGPK,345,359,1,1398.65773824798,4,0,Aotus nancymaae,Aotus,,Aotidae,Primates,14,66,1.31
721,GFPGADGVAGPKGPAGER,333,350,1,1655.81284434995,1,0,Aotus nancymaae,Aotus,,Aotidae,Primates,17,65,71.91
722,GFPGADGVAGPKGPAGER,333,350,1,1671.80699434995,2,0,Aotus nancymaae,Aotus,,Aotidae,Primates,17,65,37.79
723,GFPGADGVAGPK,333,344,0,1088.53633516368,1,0,Aotus nancymaae,Aotus,,Aotidae,Primates,11,64,66.75
724,GFPGADGVAGPK,333,344,0,1104.53048516368,2,0,Aotus nancymaae,Aotus,,Aotidae,Primates,11,64,36.4
725,GGPGSRGFPGADGVAGPK,327,344,1,1615.78077960211,2,0,Aotus nancymaae,Aotus,,Aotidae,Primates,17,63,46.11
726,GEPGPTGLPGPPGERGGPGSR,312,332,1,1992.93391308108,4,0,Aotus nancymaae,Aotus,,Aotidae,Primates,20,62,31.37
727,GEPGPTGLPGPPGERGGPGSR,312,332,1,1976.93976308108,3,0,Aotus nancymaae,Aotus,,Aotidae,Primates,20,62,17.26
728,GEPGPTGLPGPPGER,312,326,0,1465.68946864265,3,0,Aotus nancymaae,Aotus,,Aotidae,Primates,14,61,77.47
729,GEPGPTGLPGPPGER,312,326,0,1449.69531864265,2,0,Aotus nancymaae,Aotus,,Aotidae,Primates,14,61,51.69
730,GEPGPTGLPGPPGER,312,326,0,1481.68361864265,4,0,Aotus nancymaae,Aotus,,Aotidae,Primates,14,61,10.03
731,GARGEPGPTGLPGPPGER,309,326,1,1749.84915717153,3,0,Aotus nancymaae,Aotus,,Aotidae,Primates,17,58,44.67
732,GARGEPGPTGLPGPPGER,309,326,1,1733.85500717153,2,0,Aotus nancymaae,Aotus,,Aotidae,Primates,17,58,14.94
733,GEPGPVGIQGPPGPAGEEGKR,288,308,1,2017.9922289203296,2,0,Aotus nancymaae,Aotus,,Aotidae,Primates,20,56,72.27
734,GEPGPVGIQGPPGPAGEEGKR,288,308,1,2018.97624492033,2,1,Aotus nancymaae,Aotus,,Aotidae,Primates,20,56,71.89
735,GEPGPVGIQGPPGPAGEEGKR,288,308,1,2001.9980789203296,1,0,Aotus nancymaae,Aotus,,Aotidae,Primates,20,56,36.16
736,GEPGPVGIQGPPGPAGEEGKR,288,308,1,2050.96454492033,4,1,Aotus nancymaae,Aotus,,Aotidae,Primates,20,56,3.85
737,GEPGPVGIQGPPGPAGEEGKR,288,308,1,2002.98209492033,1,1,Aotus nancymaae,Aotus,,Aotidae,Primates,20,56,3.04
738,GEPGPVGIQGPPGPAGEEGK,288,307,0,1861.8911178967296,2,0,Aotus nancymaae,Aotus,,Aotidae,Primates,19,55,87.25
739,GEPGPVGIQGPPGPAGEEGK,288,307,0,1845.8969678967296,1,0,Aotus nancymaae,Aotus,,Aotidae,Primates,19,55,84.23
740,GEPGPVGIQGPPGPAGEEGK,288,307,0,1862.87513389673,2,1,Aotus nancymaae,Aotus,,Aotidae,Primates,19,55,65.73
741,GEPGPVGIQGPPGPAGEEGK,288,307,0,1846.88098389673,1,1,Aotus nancymaae,Aotus,,Aotidae,Primates,19,55,34.05
742,GDTGAKGEPGPVGIQGPPGPAGEEGK,282,307,1,2391.1407436288196,2,0,Aotus nancymaae,Aotus,,Aotidae,Primates,25,53,36.89
743,GDTGAKGEPGPVGIQGPPGPAGEEGK,282,307,1,2407.1348936288196,3,0,Aotus nancymaae,Aotus,,Aotidae,Primates,25,53,32.25
744,GDTGAKGEPGPVGIQGPPGPAGEEGK,282,307,1,2392.124759628819,2,1,Aotus nancymaae,Aotus,,Aotidae,Primates,25,53,24.84
745,GNSGEPGAPGSKGDTGAK,270,287,1,1618.7288035989,2,0,Aotus nancymaae,Aotus,,Aotidae,Primates,17,51,62.22
746,GNSGEPGAPGSKGDTGAK,270,287,1,1634.7229535989,3,0,Aotus nancymaae,Aotus,,Aotidae,Primates,17,51,61.77
747,GNSGEPGAPGSKGDTGAK,270,287,1,1602.7346535989,1,0,Aotus nancymaae,Aotus,,Aotidae,Primates,17,51,17.86
748,GNSGEPGAPGSKGDTGAK,270,287,1,1619.7128195989,2,1,Aotus nancymaae,Aotus,,Aotidae,Primates,17,51,10.56
749,GNSGEPGAPGSK,270,281,0,1073.48502786681,1,0,Aotus nancymaae,Aotus,,Aotidae,Primates,11,50,37.92
750,GNSGEPGAPGSK,270,281,0,1089.47917786681,2,0,Aotus nancymaae,Aotus,,Aotidae,Primates,11,50,36.94
751,GPSGPQGPGGPPGPKGNSGEPGAPGSK,255,281,1,2374.0882782068797,3,1,Aotus nancymaae,Aotus,,Aotidae,Primates,26,48,29.0
752,GPSGPQGPGGPPGPKGNSGEPGAPGSK,255,281,1,2373.10426220688,3,0,Aotus nancymaae,Aotus,,Aotidae,Primates,26,48,25.86
753,GPSGPQGPGGPPGPKGNSGEPGAPGSK,255,281,1,2390.0824282068797,4,1,Aotus nancymaae,Aotus,,Aotidae,Primates,26,48,23.84
754,GPSGPQGPGGPPGPKGNSGEPGAPGSK,255,281,1,2389.09841220688,4,0,Aotus nancymaae,Aotus,,Aotidae,Primates,26,48,14.86
755,GPSGPQGPGGPPGPKGNSGEPGAPGSK,255,281,1,2407.06059420688,5,2,Aotus nancymaae,Aotus,,Aotidae,Primates,26,48,5.67
756,GPSGPQGPGGPPGPKGNSGEPGAPGSK,255,281,1,2406.0765782068797,5,1,Aotus nancymaae,Aotus,,Aotidae,Primates,26,48,4.89
757,GPSGPQGPGGPPGPKGNSGEPGAPGSK,255,281,1,2342.09997820688,1,1,Aotus nancymaae,Aotus,,Aotidae,Primates,26,48,2.68
758,GPSGPQGPGGPPGPK,255,269,0,1318.63707549054,2,0,Aotus nancymaae,Aotus,,Aotidae,Primates,14,47,86.17
759,GPSGPQGPGGPPGPK,255,269,0,1302.64292549054,1,0,Aotus nancymaae,Aotus,,Aotidae,Primates,14,47,85.7
760,GPSGPQGPGGPPGPK,255,269,0,1303.62694149054,1,1,Aotus nancymaae,Aotus,,Aotidae,Primates,14,47,74.32
761,GPSGPQGPGGPPGPK,255,269,0,1319.62109149054,2,1,Aotus nancymaae,Aotus,,Aotidae,Primates,14,47,69.44
762,GPSGPQGPGGPPGPK,255,269,0,1334.63122549054,3,0,Aotus nancymaae,Aotus,,Aotidae,Primates,14,47,68.22
763,GPSGPQGPGGPPGPK,255,269,0,1335.61524149054,3,1,Aotus nancymaae,Aotus,,Aotidae,Primates,14,47,36.51
764,GPSGPQGPGGPPGPK,255,269,0,1351.60939149054,4,1,Aotus nancymaae,Aotus,,Aotidae,Primates,14,47,5.53
765,GPSGPQGPGGPPGPK,255,269,0,1350.62537549054,4,0,Aotus nancymaae,Aotus,,Aotidae,Primates,14,47,5.2
766,GANGAPGIAGAPGFPGARGPSGPQGPGGPPGPK,237,269,1,2870.3785506389195,4,1,Aotus nancymaae,Aotus,,Aotidae,Primates,32,45,17.08
767,GANGAPGIAGAPGFPGARGPSGPQGPGGPPGPK,237,269,1,2917.3769846389196,7,0,Aotus nancymaae,Aotus,,Aotidae,Primates,32,45,0.15
768,GANGAPGIAGAPGFPGAR,237,254,0,1586.75346629885,3,1,Aotus nancymaae,Aotus,,Aotidae,Primates,17,44,82.83
769,GANGAPGIAGAPGFPGAR,237,254,0,1585.76945029885,3,0,Aotus nancymaae,Aotus,,Aotidae,Primates,17,44,82.26
770,GANGAPGIAGAPGFPGAR,237,254,0,1569.77530029885,2,0,Aotus nancymaae,Aotus,,Aotidae,Primates,17,44,20.61
771,GANGAPGIAGAPGFPGAR,237,254,0,1570.75931629885,2,1,Aotus nancymaae,Aotus,,Aotidae,Primates,17,44,11.57
772,GEPGPPGPAGAAGPAGNPGADGQPGAK,210,236,0,2316.0456483580297,4,0,Aotus nancymaae,Aotus,,Aotidae,Primates,26,42,66.19
773,GEPGPPGPAGAAGPAGNPGADGQPGAK,210,236,0,2317.0296643580295,4,1,Aotus nancymaae,Aotus,,Aotidae,Primates,26,42,63.43
774,GEPGPPGPAGAAGPAGNPGADGQPGAK,210,236,0,2332.0397983580297,5,0,Aotus nancymaae,Aotus,,Aotidae,Primates,26,42,54.14
775,GEPGPPGPAGAAGPAGNPGADGQPGAK,210,236,0,2333.0238143580295,5,1,Aotus nancymaae,Aotus,,Aotidae,Primates,26,42,44.93
776,GEPGPPGPAGAAGPAGNPGADGQPGAK,210,236,0,2348.0339483580296,6,0,Aotus nancymaae,Aotus,,Aotidae,Primates,26,42,35.96
777,GEPGPPGPAGAAGPAGNPGADGQPGAK,210,236,0,2301.0355143580296,3,1,Aotus nancymaae,Aotus,,Aotidae,Primates,26,42,35.32
778,GEPGPPGPAGAAGPAGNPGADGQPGAK,210,236,0,2300.0514983580297,3,0,Aotus nancymaae,Aotus,,Aotidae,Primates,26,42,34.9
779,GEPGPPGPAGAAGPAGNPGADGQPGAK,210,236,0,2318.01368035803,4,2,Aotus nancymaae,Aotus,,Aotidae,Primates,26,42,26.84
780,GEPGPPGPAGAAGPAGNPGADGQPGAK,210,236,0,2302.01953035803,3,2,Aotus nancymaae,Aotus,,Aotidae,Primates,26,42,14.53
781,GEPGPPGPAGAAGPAGNPGADGQPGAK,210,236,0,2284.0573483580297,2,0,Aotus nancymaae,Aotus,,Aotidae,Primates,26,42,1.42
782,GEPGPPGPAGAAGPAGNPGADGQPGAK,210,236,0,2285.0413643580296,2,1,Aotus nancymaae,Aotus,,Aotidae,Primates,26,42,0.73
783,GEPGPPGPAGAAGPAGNPGADGQPGAK,210,236,0,2334.00783035803,5,2,Aotus nancymaae,Aotus,,Aotidae,Primates,26,42,0.5
784,GSEGPQGVRGEPGPPGPAGAAGPAGNPGADGQPGAK,201,236,1,3184.4495433026996,4,1,Aotus nancymaae,Aotus,,Aotidae,Primates,35,41,53.77
785,GSEGPQGVRGEPGPPGPAGAAGPAGNPGADGQPGAK,201,236,1,3183.4655273026997,4,0,Aotus nancymaae,Aotus,,Aotidae,Primates,35,41,48.95
786,GSEGPQGVRGEPGPPGPAGAAGPAGNPGADGQPGAK,201,236,1,3199.4596773026997,5,0,Aotus nancymaae,Aotus,,Aotidae,Primates,35,41,44.35
787,GSEGPQGVRGEPGPPGPAGAAGPAGNPGADGQPGAK,201,236,1,3168.4553933026996,3,1,Aotus nancymaae,Aotus,,Aotidae,Primates,35,41,38.57
788,GSEGPQGVRGEPGPPGPAGAAGPAGNPGADGQPGAK,201,236,1,3170.4234253027,3,3,Aotus nancymaae,Aotus,,Aotidae,Primates,35,41,31.41
789,GSEGPQGVRGEPGPPGPAGAAGPAGNPGADGQPGAK,201,236,1,3167.4713773026997,3,0,Aotus nancymaae,Aotus,,Aotidae,Primates,35,41,28.05
790,GSEGPQGVRGEPGPPGPAGAAGPAGNPGADGQPGAK,201,236,1,3200.4436933026996,5,1,Aotus nancymaae,Aotus,,Aotidae,Primates,35,41,21.46
791,GSEGPQGVRGEPGPPGPAGAAGPAGNPGADGQPGAK,201,236,1,3169.4394093027,3,2,Aotus nancymaae,Aotus,,Aotidae,Primates,35,41,15.06
792,GSEGPQGVRGEPGPPGPAGAAGPAGNPGADGQPGAK,201,236,1,3185.4335593027,4,2,Aotus nancymaae,Aotus,,Aotidae,Primates,35,41,5.61
793,GSEGPQGVRGEPGPPGPAGAAGPAGNPGADGQPGAK,201,236,1,3201.4277093027,5,2,Aotus nancymaae,Aotus,,Aotidae,Primates,35,41,0.79
794,GSEGPQGVRGEPGPPGPAGAAGPAGNPGADGQPGAK,201,236,1,3153.4452593027,2,2,Aotus nancymaae,Aotus,,Aotidae,Primates,35,41,0.3
795,GSEGPQGVR,201,209,0,886.4377200951399,0,0,Aotus nancymaae,Aotus,,Aotidae,Primates,8,40,72.74
796,GSEGPQGVR,201,209,0,887.4217360951399,0,1,Aotus nancymaae,Aotus,,Aotidae,Primates,8,40,52.04
797,GEAGPQGPRGSEGPQGVR,192,209,1,1735.8470343561098,0,0,Aotus nancymaae,Aotus,,Aotidae,Primates,17,39,37.31
798,GEAGPQGPRGSEGPQGVR,192,209,1,1736.83105035611,0,1,Aotus nancymaae,Aotus,,Aotidae,Primates,17,39,17.99
799,GEAGPQGPRGSEGPQGVR,192,209,1,1752.82520035611,1,1,Aotus nancymaae,Aotus,,Aotidae,Primates,17,39,5.03
800,GEAGPQGPR,192,200,0,868.4271554114399,0,0,Aotus nancymaae,Aotus,,Aotidae,Primates,8,38,41.39
801,GEAGPQGPR,192,200,0,869.4111714114399,0,1,Aotus nancymaae,Aotus,,Aotidae,Primates,8,38,35.95
802,GEAGPQGPR,192,200,0,900.4154554114399,2,0,Aotus nancymaae,Aotus,,Aotidae,Primates,8,38,12.82
803,GNDGATGAAGPPGPTGPAGPAGFPGAVGAKGEAGPQGPR,162,200,1,3388.5758064449797,4,1,Aotus nancymaae,Aotus,,Aotidae,Primates,38,37,54.74
804,GNDGATGAAGPPGPTGPAGPAGFPGAVGAKGEAGPQGPR,162,200,1,3372.5816564449797,3,1,Aotus nancymaae,Aotus,,Aotidae,Primates,38,37,44.01
805,GNDGATGAAGPPGPTGPAGPAGFPGAVGAKGEAGPQGPR,162,200,1,3371.59764044498,3,0,Aotus nancymaae,Aotus,,Aotidae,Primates,38,37,36.37
806,GNDGATGAAGPPGPTGPAGPAGFPGAVGAKGEAGPQGPR,162,200,1,3387.59179044498,4,0,Aotus nancymaae,Aotus,,Aotidae,Primates,38,37,30.19
807,GNDGATGAAGPPGPTGPAGPAGFPGAVGAKGEAGPQGPR,162,200,1,3356.5875064449797,2,1,Aotus nancymaae,Aotus,,Aotidae,Primates,38,37,8.4
808,GNDGATGAAGPPGPTGPAGPAGFPGAVGAKGEAGPQGPR,162,200,1,3437.54227244498,7,2,Aotus nancymaae,Aotus,,Aotidae,Primates,38,37,5.22
809,GNDGATGAAGPPGPTGPAGPAGFPGAVGAKGEAGPQGPR,162,200,1,3419.58009044498,6,0,Aotus nancymaae,Aotus,,Aotidae,Primates,38,37,1.65
810,GNDGATGAAGPPGPTGPAGPAGFPGAVGAK,162,191,0,2538.18247618401,4,0,Aotus nancymaae,Aotus,,Aotidae,Primates,29,36,73.36
811,GNDGATGAAGPPGPTGPAGPAGFPGAVGAK,162,191,0,2506.19417618401,2,0,Aotus nancymaae,Aotus,,Aotidae,Primates,29,36,66.72
812,GNDGATGAAGPPGPTGPAGPAGFPGAVGAK,162,191,0,2522.18832618401,3,0,Aotus nancymaae,Aotus,,Aotidae,Primates,29,36,64.65
813,GNDGATGAAGPPGPTGPAGPAGFPGAVGAK,162,191,0,2523.1723421840097,3,1,Aotus nancymaae,Aotus,,Aotidae,Primates,29,36,60.37
814,GNDGATGAAGPPGPTGPAGPAGFPGAVGAK,162,191,0,2539.1664921840097,4,1,Aotus nancymaae,Aotus,,Aotidae,Primates,29,36,59.19
815,GNDGATGAAGPPGPTGPAGPAGFPGAVGAK,162,191,0,2490.20002618401,1,0,Aotus nancymaae,Aotus,,Aotidae,Primates,29,36,27.59
816,GNDGATGAAGPPGPTGPAGPAGFPGAVGAK,162,191,0,2507.1781921840097,2,1,Aotus nancymaae,Aotus,,Aotidae,Primates,29,36,25.01
817,GRPGPPGPAGAR,150,161,0,1121.57950104477,2,0,Aotus nancymaae,Aotus,,Aotidae,Primates,11,33,54.71
818,GRPGPPGPAGAR,150,161,0,1105.58535104477,1,0,Aotus nancymaae,Aotus,,Aotidae,Primates,11,33,35.46
819,GRPGPPGPAGAR,150,161,0,1137.57365104477,3,0,Aotus nancymaae,Aotus,,Aotidae,Primates,11,33,25.12
820,GLPGERGRPGPPGPAGAR,144,161,1,1730.90296042346,2,0,Aotus nancymaae,Aotus,,Aotidae,Primates,17,31,28.48
821,GLPGERGRPGPPGPAGAR,144,161,1,1746.89711042346,3,0,Aotus nancymaae,Aotus,,Aotidae,Primates,17,31,23.09
822,GEPGSPGENGAPGQMGPRGLPGER,126,149,1,2352.0610174959097,3,0,Aotus nancymaae,Aotus,,Aotidae,Primates,23,29,1.4
823,GEPGSPGENGAPGQMGPR,126,143,0,1742.73755811722,3,0,Aotus nancymaae,Aotus,,Aotidae,Primates,17,28,90.41
824,GEPGSPGENGAPGQMGPR,126,143,0,1743.72157411722,3,1,Aotus nancymaae,Aotus,,Aotidae,Primates,17,28,88.08
825,GEPGSPGENGAPGQMGPR,126,143,0,1759.71572411722,4,1,Aotus nancymaae,Aotus,,Aotidae,Primates,17,28,84.32
826,GEPGSPGENGAPGQMGPR,126,143,0,1744.70559011722,3,2,Aotus nancymaae,Aotus,,Aotidae,Primates,17,28,79.02
827,GEPGSPGENGAPGQMGPR,126,143,0,1758.73170811722,4,0,Aotus nancymaae,Aotus,,Aotidae,Primates,17,28,73.58
828,GEPGSPGENGAPGQMGPR,126,143,0,1760.69974011722,4,2,Aotus nancymaae,Aotus,,Aotidae,Primates,17,28,69.52
829,GEPGSPGENGAPGQMGPR,126,143,0,1774.72585811722,5,0,Aotus nancymaae,Aotus,,Aotidae,Primates,17,28,61.0
830,GEPGSPGENGAPGQMGPR,126,143,0,1727.7274241172202,2,1,Aotus nancymaae,Aotus,,Aotidae,Primates,17,28,32.02
831,GEPGSPGENGAPGQMGPR,126,143,0,1775.70987411722,5,1,Aotus nancymaae,Aotus,,Aotidae,Primates,17,28,29.97
832,GEPGSPGENGAPGQMGPR,126,143,0,1726.74340811722,2,0,Aotus nancymaae,Aotus,,Aotidae,Primates,17,28,4.74
833,GEPGSPGENGAPGQMGPR,126,143,0,1728.71144011722,2,2,Aotus nancymaae,Aotus,,Aotidae,Primates,17,28,4.0
834,GEPGSPGENGAPGQMGPR,126,143,0,1711.7332741172202,1,1,Aotus nancymaae,Aotus,,Aotidae,Primates,17,28,2.49
835,GDAGPAGPKGEPGSPGENGAPGQMGPR,117,143,1,2494.0876265838797,3,1,Aotus nancymaae,Aotus,,Aotidae,Primates,26,26,63.16
836,GDAGPAGPKGEPGSPGENGAPGQMGPR,117,143,1,2509.09776058388,4,0,Aotus nancymaae,Aotus,,Aotidae,Primates,26,26,51.41
837,GDAGPAGPKGEPGSPGENGAPGQMGPR,117,143,1,2526.0759265838797,5,1,Aotus nancymaae,Aotus,,Aotidae,Primates,26,26,49.61
838,GDAGPAGPKGEPGSPGENGAPGQMGPR,117,143,1,2510.0817765838797,4,1,Aotus nancymaae,Aotus,,Aotidae,Primates,26,26,46.32
839,GDAGPAGPKGEPGSPGENGAPGQMGPR,117,143,1,2493.10361058388,3,0,Aotus nancymaae,Aotus,,Aotidae,Primates,26,26,46.3
840,GDAGPAGPKGEPGSPGENGAPGQMGPR,117,143,1,2525.09191058388,5,0,Aotus nancymaae,Aotus,,Aotidae,Primates,26,26,39.95
841,GDAGPAGPKGEPGSPGENGAPGQMGPR,117,143,1,2527.05994258388,5,2,Aotus nancymaae,Aotus,,Aotidae,Primates,26,26,37.04
842,GDAGPAGPKGEPGSPGENGAPGQMGPR,117,143,1,2511.06579258388,4,2,Aotus nancymaae,Aotus,,Aotidae,Primates,26,26,35.95
843,GDAGPAGPKGEPGSPGENGAPGQMGPR,117,143,1,2495.07164258388,3,2,Aotus nancymaae,Aotus,,Aotidae,Primates,26,26,33.77
844,GDAGPAGPKGEPGSPGENGAPGQMGPR,117,143,1,2542.0700765838797,6,1,Aotus nancymaae,Aotus,,Aotidae,Primates,26,26,22.52
845,GDAGPAGPKGEPGSPGENGAPGQMGPR,117,143,1,2477.10946058388,2,0,Aotus nancymaae,Aotus,,Aotidae,Primates,26,26,1.76
846,GFSGLDGAKGDAGPAGPK,108,125,1,1617.78596089577,1,0,Aotus nancymaae,Aotus,,Aotidae,Primates,17,23,79.88
847,GFSGLDGAKGDAGPAGPK,108,125,1,1601.79181089577,0,0,Aotus nancymaae,Aotus,,Aotidae,Primates,17,23,78.62
848,GFSGLDGAK,108,116,0,867.4199084291099,1,0,Aotus nancymaae,Aotus,,Aotidae,Primates,8,22,46.11
849,GFSGLDGAK,108,116,0,851.4257584291099,0,0,Aotus nancymaae,Aotus,,Aotidae,Primates,8,22,41.79
850,GHRGFSGLDGAK,105,116,1,1201.60724503173,0,0,Aotus nancymaae,Aotus,,Aotidae,Primates,11,21,48.14
851,GLPGTAGLPGMKGHR,93,107,1,1512.75567846744,4,0,Aotus nancymaae,Aotus,,Aotidae,Primates,14,20,9.47
852,GLPGTAGLPGMKGHR,93,107,1,1496.76152846744,3,0,Aotus nancymaae,Aotus,,Aotidae,Primates,14,20,8.18
853,GLPGTAGLPGMK,93,104,0,1130.58589186482,2,0,Aotus nancymaae,Aotus,,Aotidae,Primates,11,19,50.66
854,GLPGTAGLPGMK,93,104,0,1146.58004186482,3,0,Aotus nancymaae,Aotus,,Aotidae,Primates,11,19,37.56
855,GLPGTAGLPGMK,93,104,0,1162.57419186482,4,0,Aotus nancymaae,Aotus,,Aotidae,Primates,11,19,22.27
856,GPPGPQGARGLPGTAGLPGMK,84,104,1,1980.9776928866704,4,1,Aotus nancymaae,Aotus,,Aotidae,Primates,20,17,5.71
857,GPPGPQGARGLPGTAGLPGMK,84,104,1,1932.01122688667,1,0,Aotus nancymaae,Aotus,,Aotidae,Primates,20,17,4.55
858,GPPGPQGAR,84,92,0,852.4314761723199,1,0,Aotus nancymaae,Aotus,,Aotidae,Primates,8,16,39.1
859,GPPGPQGAR,84,92,0,853.4154921723199,1,1,Aotus nancymaae,Aotus,,Aotidae,Primates,8,16,30.08
860,GPPGPQGAR,84,92,0,884.4197761723199,3,0,Aotus nancymaae,Aotus,,Aotidae,Primates,8,16,14.66
861,GPPGPQGAR,84,92,0,836.4373261723199,0,0,Aotus nancymaae,Aotus,,Aotidae,Primates,8,16,1.92
862,GPPGPQGAR,84,92,0,868.4256261723199,2,0,Aotus nancymaae,Aotus,,Aotidae,Primates,8,16,1.67
863,NGDDGEAGKPGRPGER,68,83,0,1627.74113596167,1,0,Aotus nancymaae,Aotus,,Aotidae,Primates,15,10,45.54
864,NGDDGEAGKPGRPGER,68,83,0,1628.72515196167,1,1,Aotus nancymaae,Aotus,,Aotidae,Primates,15,10,41.7
865,NGDDGEAGKPGRPGER,68,83,0,1644.71930196167,2,1,Aotus nancymaae,Aotus,,Aotidae,Primates,15,10,31.64
866,NGDDGEAGKPGRPGER,68,83,0,1643.73528596167,2,0,Aotus nancymaae,Aotus,,Aotidae,Primates,15,10,27.09
867,GLPGPPGSPGPQGFQGPPGEPGEPGASGPMGPR,27,59,0,3148.3851300205497,8,0,Aotus nancymaae,Aotus,,Aotidae,Primates,32,6,25.15
868,GLPGPPGSPGPQGFQGPPGEPGEPGASGPMGPR,27,59,0,3132.3909800205497,7,0,Aotus nancymaae,Aotus,,Aotidae,Primates,32,6,23.88
869,GLPGPPGSPGPQGFQGPPGEPGEPGASGPMGPR,27,59,0,3116.3968300205497,6,0,Aotus nancymaae,Aotus,,Aotidae,Primates,32,6,23.18
870,GLPGPPGSPGPQGFQGPPGEPGEPGASGPMGPR,27,59,0,3100.4026800205497,5,0,Aotus nancymaae,Aotus,,Aotidae,Primates,32,6,19.61
871,GLPGPPGSPGPQGFQGPPGEPGEPGASGPMGPR,27,59,0,3117.3808460205496,6,1,Aotus nancymaae,Aotus,,Aotidae,Primates,32,6,19.6
872,GLPGPPGSPGPQGFQGPPGEPGEPGASGPMGPR,27,59,0,3084.4085300205497,4,0,Aotus nancymaae,Aotus,,Aotidae,Primates,32,6,19.42
873,GLPGPPGSPGPQGFQGPPGEPGEPGASGPMGPR,27,59,0,3101.3866960205496,5,1,Aotus nancymaae,Aotus,,Aotidae,Primates,32,6,15.91
874,GLPGPPGSPGPQGFQGPPGEPGEPGASGPMGPR,27,59,0,3149.3691460205496,8,1,Aotus nancymaae,Aotus,,Aotidae,Primates,32,6,15.67
875,GLPGPPGSPGPQGFQGPPGEPGEPGASGPMGPR,27,59,0,3133.3749960205496,7,1,Aotus nancymaae,Aotus,,Aotidae,Primates,32,6,11.46
876,GLPGPPGSPGPQGFQGPPGEPGEPGASGPMGPR,27,59,0,3134.35901202055,7,2,Aotus nancymaae,Aotus,,Aotidae,Primates,32,6,10.05
877,GLPGPPGSPGPQGFQGPPGEPGEPGASGPMGPR,27,59,0,3068.4143800205497,3,0,Aotus nancymaae,Aotus,,Aotidae,Primates,32,6,8.05
878,GLPGPPGSPGPQGFQGPPGEPGEPGASGPMGPR,27,59,0,3118.36486202055,6,2,Aotus nancymaae,Aotus,,Aotidae,Primates,32,6,5.98
879,GLPGPPGSPGPQGFQGPPGEPGEPGASGPMGPR,27,59,0,3181.3574460205496,10,1,Aotus nancymaae,Aotus,,Aotidae,Primates,32,6,3.27
880,GLPGPPGSPGPQGFQGPPGEPGEPGASGPMGPR,27,59,0,3053.4042460205496,2,1,Aotus nancymaae,Aotus,,Aotidae,Primates,32,6,0.11
881,STGGISVPGPMGPSGPR,10,26,0,1553.7740526566502,0,0,Aotus nancymaae,Aotus,,Aotidae,Primates,16,5,75.41
882,STGGISVPGPMGPSGPR,10,26,0,1601.75650265665,3,0,Aotus nancymaae,Aotus,,Aotidae,Primates,16,5,50.41
883,STGGISVPGPMGPSGPR,10,26,0,1585.76235265665,2,0,Aotus nancymaae,Aotus,,Aotidae,Primates,16,5,46.04
884,STGGISVPGPMGPSGPR,10,26,0,1569.76820265665,1,0,Aotus nancymaae,Aotus,,Aotidae,Primates,16,5,37.95
885,QLSYGYDEKSTGGISVPGPMGPSGPR,1,26,1,2670.2336584548,2,1,Aotus nancymaae,Aotus,,Aotidae,Primates,25,3,38.47
886,QLSYGYDEK,1,9,0,1102.50513094862,0,0,Aotus nancymaae,Aotus,,Aotidae,Primates,8,1,41.74
887,QLSYGYDEK,1,9,0,1118.49928094862,1,0,Aotus nancymaae,Aotus,,Aotidae,Primates,8,1,38.97
